Date,Heure,Période,Activité,Data,Kcal
19/12/2024,19:00,05 Dîner,Complément,Levanat Forte,
19/12/2024,19:00,05 Dîner,Nourriture,Steak de soja,
19/12/2024,19:00,05 Dîner,Nourriture,Navet,
19/12/2024,19:00,05 Dîner,Nourriture,Oignon,
19/12/2024,19:00,05 Dîner,Nourriture,Carottes,
19/12/2024,19:00,05 Dîner,Nourriture,Cougettes,
19/12/2024,19:00,05 Dîner,Nourriture,1 Yaourt,
19/12/2024,22:30,05 Dîner,Nourriture,Tisane,
19/12/2024,12:26,06 Activité Physique,None,Course 3km86 30min17,
19/12/2024,23:00,07 Hydratation,None,1 Litre eau Plate,
19/12/2024,23:00,07 Hydratation,None,1 Litre eau Pétillante,
20/12/2024,06:30,01 Petit Déjeuner,Nourriture,100 gr muesli avec lait de soja,
20/12/2024,06:30,01 Petit Déjeuner,Nourriture,1 café avec lait de soja,
20/12/2024,13:00,03 Déjeuner,Nourriture,Restaurant: Filet de Dorade,
20/12/2024,13:00,03 Déjeuner,Nourriture,Restaurant: Aubergines,
20/12/2024,13:00,03 Déjeuner,Nourriture,Restaurant: Cougettes,
20/12/2024,13:00,03 Déjeuner,Nourriture,Restaurant: Riz,
20/12/2024,13:00,03 Déjeuner,Nourriture,Restaurant: Carottes,
20/12/2024,13:00,03 Déjeuner,Nourriture,Restaurant: Coupe de fruits,
20/12/2024,13:00,03 Déjeuner,Nourriture,Restaurant: 1 café noir,
20/12/2024,17:00,04 Collation PM,Complément,Levanat Plus,
20/12/2024,17:00,04 Collation PM,Nourriture,Pamplemousse,
20/12/2024,18:30,05 Dîner,Complément,Levanat Plus,
20/12/2024,18:30,05 Dîner,Nourriture,Steak haché boeuf,
20/12/2024,18:30,05 Dîner,Nourriture,Coeur de palmier,
20/12/2024,18:30,05 Dîner,Nourriture,Carottes,
20/12/2024,18:30,05 Dîner,Nourriture,Navet,
20/12/2024,18:30,05 Dîner,Nourriture,Poireaux,
20/12/2024,18:30,05 Dîner,Nourriture,Oignon,
20/12/2024,18:30,05 Dîner,Nourriture,1 Yaourt avec redunat Fibra,
20/12/2024,23:00,07 Hydratation,None,1 Litre eau Plate,
20/12/2024,23:00,07 Hydratation,None,1 Litre eau Pétillante,
21/12/2024,07:20,01 Petit Déjeuner,Complément,Levanat Plus,
21/12/2024,20:40,01 Petit Déjeuner,Complément,Levanat Plus,
21/12/2024,20:40,01 Petit Déjeuner,Complément,2 Chitosan,
21/12/2024,07:20,01 Petit Déjeuner,Nourriture,4 Biscottes complètes avec beurre,
21/12/2024,07:20,01 Petit Déjeuner,Nourriture,1 café avec lait de soja,
21/12/2024,10:00,02 Collation AM,Nourriture,Pamplemousse,
21/12/2024,10:00,02 Collation AM,Nourriture,1 café au lait de soja,
21/12/2024,13:15,03 Déjeuner,Nourriture,Restaurant: Salade type caesar sans sauce,
21/12/2024,13:15,03 Déjeuner,Nourriture,Restaurant: Salade de pates sans sauce,
21/12/2024,13:15,03 Déjeuner,Nourriture,Restaurant: 2 morceaux de bettraves,
21/12/2024,13:15,03 Déjeuner,Nourriture,Restaurant: 1 salade de fruits,
21/12/2024,16:00,04 Collation PM,Nourriture,Restaurant: 1 salade de fruits,
21/12/2024,20:40,05 Dîner,Nourriture,Steak de soja,
21/12/2024,20:40,05 Dîner,Nourriture,Choux fleur,
21/12/2024,20:40,05 Dîner,Nourriture,Potiron,
21/12/2024,20:40,05 Dîner,Nourriture,1 Yaourt avec redunat Fibra,
21/12/2024,20:40,05 Dîner,Nourriture,Tisane,
21/12/2024,08:26,06 Activité Physique,None,45 min crossfit like,
21/12/2024,23:00,07 Hydratation,None,1 Litre eau Plate,
21/12/2024,23:00,07 Hydratation,None,1 Litre eau Pétillante,
22/12/2024,08:15,01 Petit Déjeuner,Complément,Levanat Plus,
22/12/2024,08:15,01 Petit Déjeuner,Nourriture,100 gr muesli avec lait de soja,
22/12/2024,08:15,01 Petit Déjeuner,Nourriture,2 cafés avec lait de soja,
22/12/2024,10:00,02 Collation AM,Nourriture,1 Pommme,
22/12/2024,12:30,03 Déjeuner,Complément,2 chitosan,
22/12/2024,12:30,03 Déjeuner,Nourriture,Saumon fumé froid,
22/12/2024,12:30,03 Déjeuner,Nourriture,Courgettes,
22/12/2024,12:30,03 Déjeuner,Nourriture,6 Tomates cerises,
22/12/2024,12:30,03 Déjeuner,Nourriture,1 Yaourt,
22/12/2024,18:00,04 Collation PM,Nourriture,Gouter chez des Amis : Tranche de buche de noel,
22/12/2024,18:00,04 Collation PM,Nourriture,Gouter chez des Amis : 3 café noir ,
22/12/2024,20:30,05 Dîner,Complément,Levanat Plus,
22/12/2024,20:30,05 Dîner,Nourriture,Blanc de poulet,
22/12/2024,20:30,05 Dîner,Nourriture,Aubergines grillées,
22/12/2024,20:30,05 Dîner,Nourriture,Poivrons grillés,
22/12/2024,20:30,05 Dîner,Nourriture,1 Yaourt avec redunat Fibra,
22/12/2024,20:30,05 Dîner,Nourriture,Tisane,
22/12/2024,23:00,07 Hydratation,None,1 Litre eau Plate,
22/12/2024,23:00,07 Hydratation,None,1 Litre eau Pétillante,
23/12/2024,07:15,01 Petit Déjeuner,Complément,Levanat Plus,
23/12/2024,07:15,01 Petit Déjeuner,Nourriture,2 oeufs avec du beurre,
23/12/2024,07:15,01 Petit Déjeuner,Nourriture,2 krispoll avec du beurre,
23/12/2024,07:15,01 Petit Déjeuner,Nourriture,2 Cafés avec lait de soja,
23/12/2024,09:30,02 Collation AM,Nourriture,1 Café avec lait de soja,
23/12/2024,12:15,03 Déjeuner,Complément,2 chitosan,
23/12/2024,12:15,03 Déjeuner,Nourriture,Blanc de poulet,
23/12/2024,12:15,03 Déjeuner,Nourriture,Brocolis,
23/12/2024,12:15,03 Déjeuner,Nourriture,Lentilles,
23/12/2024,12:15,03 Déjeuner,Nourriture,1 Yaourt,
23/12/2024,12:15,03 Déjeuner,Nourriture,1 café avec lait de soja,
23/12/2024,15:55,04 Collation PM,Nourriture,Pomme,
23/12/2024,18:40,04 Collation PM,Nourriture,Matcha classique colombus,
23/12/2024,20:00,05 Dîner,Nourriture,Blanc de poulet,
23/12/2024,20:00,05 Dîner,Nourriture,Choux fleur,
23/12/2024,20:00,05 Dîner,Nourriture,Brocolis,
23/12/2024,20:00,05 Dîner,Nourriture,1 Yaourt avec redunat Fibra,
23/12/2024,20:00,05 Dîner,Nourriture,Tisane,
23/12/2024,11:16,06 Activité Physique,None,"4,19 km course en 35 min 07",
23/12/2024,23:00,07 Hydratation,None,1 Litre eau Pétillante,
23/12/2024,23:00,07 Hydratation,None,1 Litre eau Plate,
24/12/2024,08:00,01 Petit Déjeuner,Complément,Levanat Plus,
24/12/2024,08:00,01 Petit Déjeuner,Nourriture,4 krispoll avec beure,
24/12/2024,08:00,01 Petit Déjeuner,Nourriture,1 Café avec lait de soja,
24/12/2024,08:00,01 Petit Déjeuner,Nourriture,Portion d'anas coupé,
24/12/2024,14:20,03 Déjeuner,Complément,2 chitosan,
24/12/2024,14:20,03 Déjeuner,Nourriture,Blanc de poulet,
24/12/2024,14:20,03 Déjeuner,Nourriture,Tiagatelle avec huile d'olive,
24/12/2024,14:20,03 Déjeuner,Nourriture,Carottes,
24/12/2024,14:20,03 Déjeuner,Nourriture,Courgettes,
24/12/2024,14:20,03 Déjeuner,Nourriture,1 Yaourt,
24/12/2024,14:20,03 Déjeuner,Nourriture,1 Café au lait de Sojat,
24/12/2024,16:00,04 Collation PM,Nourriture,1 Café au lait de Sojat,
24/12/2024,17:00,04 Collation PM,Nourriture,Portion d'anas coupé,
24/12/2024,21:00,05 Dîner,Complément,Levanat Plus,
24/12/2024,21:00,05 Dîner,Nourriture,Cocktail apéritif,
24/12/2024,21:00,05 Dîner,Nourriture,apéritif : Carottes sans sauce,
24/12/2024,21:00,05 Dîner,Nourriture,apéritif : choux fleur sans sauce,
24/12/2024,21:00,05 Dîner,Nourriture,apéritif : Tomates cerise sans sauce,
24/12/2024,21:00,05 Dîner,Nourriture,Diner : 10 huitres vin blanc et échalottes,
24/12/2024,21:00,05 Dîner,Nourriture,Diner : 5 Bulots,
24/12/2024,21:00,05 Dîner,Nourriture,Diner : 10 Gambasse,
24/12/2024,21:00,05 Dîner,Nourriture,Diner : Pintades avec retrait au maximum de la sauce,
24/12/2024,21:00,05 Dîner,Nourriture,Diner : 1 cuillère à soupe de purée,
24/12/2024,21:00,05 Dîner,Nourriture,Diner : Gateau individuel buche de noel,
24/12/2024,09:00,06 Activité Physique,None,Crossfit 30 min,
24/12/2024,12:30,06 Activité Physique,None,1 h de Pilate,
24/12/2024,23:00,07 Hydratation,None,1 Litre eau Pétillante,
24/12/2024,23:00,07 Hydratation,None,1 Litre eau Plate,
25/12/2024,08:30,01 Petit Déjeuner,Complément,Levanat Plus,
25/12/2024,08:30,01 Petit Déjeuner,Nourriture,4 Krispoll avec beures,
25/12/2024,08:30,01 Petit Déjeuner,Nourriture,2 café avec lait de soja,
25/12/2024,13:00,03 Déjeuner,Complément,2 chitosan,
25/12/2024,13:00,03 Déjeuner,Nourriture,Carpacio de st jacques avec mousse de tomates,
25/12/2024,13:00,03 Déjeuner,Nourriture,Tournedos de boeuf,
25/12/2024,13:00,03 Déjeuner,Nourriture,Haricots vert,
25/12/2024,13:00,03 Déjeuner,Nourriture,Brocolis,
25/12/2024,13:00,03 Déjeuner,Nourriture,Oignons,
25/12/2024,13:00,03 Déjeuner,Nourriture,2 tranches de buche de noel glacées,
25/12/2024,13:00,03 Déjeuner,Nourriture,1 café avec lait de soja,
25/12/2024,19:00,05 Dîner,Complément,Levanat Plus,
25/12/2024,19:00,05 Dîner,Nourriture,Carpacio de st jacques avec mousse de tomates,
25/12/2024,19:00,05 Dîner,Nourriture,Choux fleur,
25/12/2024,19:00,05 Dîner,Nourriture,1 Yaourt avec redunat Fibra,
25/12/2024,17:30,06 Activité Physique,None,30 min crossfit like,
25/12/2024,23:00,07 Hydratation,None,1 Litre eau Pétillante,
25/12/2024,23:00,07 Hydratation,None,1 Litre eau Plate,
26/12/2024,06:30,01 Petit Déjeuner,Complément,Levanat Plus,
26/12/2024,06:30,01 Petit Déjeuner,Nourriture,100 gr de muesli avec lait de soja,
26/12/2024,06:30,01 Petit Déjeuner,Nourriture,1 café avec lait de soja,
26/12/2024,09:00,02 Collation AM,Nourriture,1 café avec lait de soja,
26/12/2024,13:30,03 Déjeuner,Nourriture,Pintade,
26/12/2024,13:30,03 Déjeuner,Nourriture,Coquillettes,
26/12/2024,13:30,03 Déjeuner,Nourriture,Tomates,
26/12/2024,13:30,03 Déjeuner,Nourriture,1 café avec lait de soja,
26/12/2024,13:30,03 Déjeuner,Nourriture,1 Yaourt,
26/12/2024,16:00,04 Collation PM,Nourriture,Pamplemousse,
26/12/2024,19:00,04 Collation PM,Nourriture,1 biere,
26/12/2024,20:30,05 Dîner,Nourriture,Steak de soja,
26/12/2024,20:30,05 Dîner,Nourriture,Tomates avec oignons,
26/12/2024,20:30,05 Dîner,Nourriture,Choux fleur,
26/12/2024,20:30,05 Dîner,Nourriture,1 Yaourt avec redunat Fibra,
26/12/2024,20:30,05 Dîner,Nourriture,Tisane,
26/12/2024,10:00,06 Activité Physique,None,course 4.2km 31:00,
26/12/2024,23:00,07 Hydratation,None,1L eau pétillante,
26/12/2024,23:00,07 Hydratation,None,1L eau plate,
27/12/2024,06:30,01 Petit Déjeuner,Complément,Levanat Plus,
27/12/2024,06:30,01 Petit Déjeuner,Nourriture,4 krispoll avec beurre,
27/12/2024,06:30,01 Petit Déjeuner,Nourriture,1 café avec lait de soja,
27/12/2024,10:00,02 Collation AM,Nourriture,1 pomme,
27/12/2024,12:00,03 Déjeuner,Complément,2 chitosan,
27/12/2024,12:00,03 Déjeuner,Nourriture,2 tranche de saumon fumé,
27/12/2024,12:00,03 Déjeuner,Nourriture,1/4 assiete de coquillettes,
27/12/2024,12:00,03 Déjeuner,Nourriture,6 tomates cerise,
27/12/2024,12:00,03 Déjeuner,Nourriture,1 yaourt,
27/12/2024,12:00,03 Déjeuner,Nourriture,1 café au lait soja,
27/12/2024,16:00,04 Collation PM,Nourriture,1 pamplemousse,
27/12/2024,19:00,05 Dîner,Complément,Levanat Plus,
27/12/2024,19:00,05 Dîner,Nourriture,2 tranches de saumon fumé,
27/12/2024,19:00,05 Dîner,Nourriture,6 coeurs de palmier,
27/12/2024,19:00,05 Dîner,Nourriture,1 tomate,
27/12/2024,19:00,05 Dîner,Nourriture,1 Yaourt avec redunat Fibra,
27/12/2024,19:00,05 Dîner,Nourriture,tisane,
27/12/2024,23:00,07 Hydratation,None,1L eau plate,
27/12/2024,23:00,07 Hydratation,None,1L eau petillante,
28/12/2024,08:00,01 Petit Déjeuner,Complément,redunat plus,
28/12/2024,08:00,01 Petit Déjeuner,Complément,redunat plus,
28/12/2024,08:00,01 Petit Déjeuner,Nourriture,100 gr muesli avec lait de soja,
28/12/2024,11:00,02 Collation AM,Nourriture,Pomme,
28/12/2024,13:30,03 Déjeuner,Complément,2 chitosans,
28/12/2024,13:30,03 Déjeuner,Nourriture,1 tranche de foie de veau,
28/12/2024,13:30,03 Déjeuner,Nourriture,aubergines grillées,
28/12/2024,13:30,03 Déjeuner,Nourriture,poivrons grillés,
28/12/2024,13:30,03 Déjeuner,Nourriture,1 yaourt,
28/12/2024,13:30,03 Déjeuner,Nourriture,1 gateau individuel style buche de noel,
28/12/2024,13:30,03 Déjeuner,Nourriture,1 café avec lait de soja,
28/12/2024,16:00,04 Collation PM,Nourriture,1 biere,
28/12/2024,19:00,05 Dîner,Complément,Redunat plus,
28/12/2024,19:00,05 Dîner,Nourriture,choux de bruxelles,
28/12/2024,19:00,05 Dîner,Nourriture,choux fleur,
28/12/2024,19:00,05 Dîner,Nourriture,Tisane,
28/12/2024,19:00,05 Dîner,Nourriture,1 Yaourt avec redunat Fibra,
28/12/2024,09:30,06 Activité Physique,None,30 min de pilate,
28/12/2024,23:00,07 Hydratation,None,1L eau petillante,
29/12/2024,07:00,01 Petit Déjeuner,Complément,Redunat plus,
29/12/2024,07:00,01 Petit Déjeuner,Nourriture,2 krispoll,
29/12/2024,07:00,01 Petit Déjeuner,Nourriture,2 oeufs,
29/12/2024,07:00,01 Petit Déjeuner,Nourriture,2 café avec lait de soja,
29/12/2024,11:00,02 Collation AM,Nourriture,Pomme,
29/12/2024,13:30,03 Déjeuner,Nourriture,salade caesar avec vinaigrette ( feuillette),
29/12/2024,13:30,03 Déjeuner,Nourriture,portion de patates douces ( feuillete ),
29/12/2024,13:30,03 Déjeuner,Nourriture,portion ananas/kiwi ( feuillete ),
29/12/2024,13:30,03 Déjeuner,Nourriture,cafe latté ( feuillete ),
29/12/2024,14:50,04 Collation PM,Nourriture,café noir,
29/12/2024,17:45,04 Collation PM,Nourriture,Pamplemousse,
29/12/2024,20:00,05 Dîner,Complément,Redunat plus,
29/12/2024,20:00,05 Dîner,Complément,2 Chitosans,
29/12/2024,20:00,05 Dîner,Nourriture,Blanc de poulet,
29/12/2024,20:00,05 Dîner,Nourriture,Carottes,
29/12/2024,20:00,05 Dîner,Nourriture,Courgettes,
29/12/2024,20:00,05 Dîner,Nourriture,Brocolis,
29/12/2024,20:00,05 Dîner,Nourriture,1 Yaourt avec redunat Fibra,
29/12/2024,20:00,05 Dîner,Nourriture,Tisane,
29/12/2024,09:30,06 Activité Physique,None,jogging 4.200km en 32:24,
29/12/2024,23:00,07 Hydratation,None,1L eau plate,
29/12/2024,23:00,07 Hydratation,None,1L eau pétillante,
30/12/2024,08:20,01 Petit Déjeuner,Nourriture,2 café avec lait de soja,
30/12/2024,08:20,01 Petit Déjeuner,Nourriture,100 gr muesli avec lait de soja,
30/12/2024,08:20,01 Petit Déjeuner,Nourriture,2 café avec lait de soja,
30/12/2024,12:30,03 Déjeuner,Complément,2 Chitosans,
30/12/2024,12:30,03 Déjeuner,Nourriture,Foie de veau fine petite tranche,
30/12/2024,12:30,03 Déjeuner,Nourriture,Blanc de poulet,
30/12/2024,12:30,03 Déjeuner,Nourriture,Carottes,
30/12/2024,12:30,03 Déjeuner,Nourriture,Courgettes,
30/12/2024,12:30,03 Déjeuner,Nourriture,choux fleur,
30/12/2024,15:50,04 Collation PM,Nourriture,Pomme,
30/12/2024,19:00,05 Dîner,Complément,Redunat plus,
30/12/2024,19:00,05 Dîner,Nourriture,Steak haché,
30/12/2024,19:00,05 Dîner,Nourriture,Tomates ,
30/12/2024,19:00,05 Dîner,Nourriture,Echalottes,
30/12/2024,19:00,05 Dîner,Nourriture,Choux fleur,
30/12/2024,19:00,05 Dîner,Nourriture,1 Yaourt avec redunat Fibra,
30/12/2024,19:00,05 Dîner,Nourriture,Tisane,
30/12/2024,10:45,06 Activité Physique,None,Crossfit 30 min,
30/12/2024,23:00,07 Hydratation,None,1L eau plate,
30/12/2024,23:00,07 Hydratation,None,1L eau pétillante,
31/12/2024,08:00,01 Petit Déjeuner,Complément,Redunat plus,
31/12/2024,08:00,01 Petit Déjeuner,Nourriture,4 Krispoll avec beurre,
31/12/2024,08:00,01 Petit Déjeuner,Nourriture,2 café avec lait de soja,
31/12/2024,10:15,02 Collation AM,Nourriture,Pamplemousse,
31/12/2024,10:15,02 Collation AM,Nourriture,1 Café avec lait de soja,
31/12/2024,13:15,03 Déjeuner,Complément,2 Chitosans,
31/12/2024,13:15,03 Déjeuner,Nourriture,Blanc de poulet,
31/12/2024,13:15,03 Déjeuner,Nourriture,1 Café au lait de soja,
31/12/2024,16:00,04 Collation PM,Nourriture,Pomme,
31/12/2024,16:00,04 Collation PM,Nourriture,1 Café au lait de soja,
31/12/2024,19:30,05 Dîner,Nourriture,Réveillon : Apéro 4 chips,
31/12/2024,19:30,05 Dîner,Nourriture,Réveillon : Apéro Verine mousse de foie gras,
31/12/2024,19:30,05 Dîner,Nourriture,Réveillon : Apéro 4 trnches de jambon italien,
31/12/2024,19:30,05 Dîner,Nourriture,Réveillon : Apéro 3 amuse gueule basé fromage ,
31/12/2024,21:30,05 Dîner,Nourriture,Réveillon : Diner oeufs parfait mousse de pdt et truffes noires,
31/12/2024,21:30,05 Dîner,Nourriture,Réveillon : Diner Carpaccio de st Jacques avec céléris raves,
31/12/2024,21:30,05 Dîner,Nourriture,Réveillon : Diner Taglioni parmesan truffes noires,
31/12/2024,21:30,05 Dîner,Nourriture,Réveillon : Diner Risotto aux crevettes russes,
31/12/2024,21:30,05 Dîner,Nourriture,Réveillon : Diner Filet de beouf en croute épicé,
31/12/2024,21:30,05 Dîner,Nourriture,Réveillon : Diner Tarte aux maccarons,
31/12/2024,09:30,06 Activité Physique,None,30 min Pilate Maison,
31/12/2024,12:30,06 Activité Physique,None,30 min Pilate cours collectif,
31/12/2024,23:00,07 Hydratation,None,1L eau plate,
31/12/2024,23:00,07 Hydratation,None,1L eau pétillante,
31/12/2024,23:00,07 Hydratation,None,Réveillon : 1 Cocktail basé Prosecco,
31/12/2024,23:00,07 Hydratation,None,Réveillon : 1 Flute de champagne,
31/12/2024,23:00,07 Hydratation,None,Réveillon : 2 verres de vin blanc,
01/01/2025,09:20,01 Petit Déjeuner,Complément,Redunat plus,
01/01/2025,09:20,01 Petit Déjeuner,Nourriture,2 Krispoll avec beure ,
01/01/2025,09:20,01 Petit Déjeuner,Nourriture,2 café avec lait de soja,
01/01/2025,09:20,01 Petit Déjeuner,Nourriture,Quelques morceaux d'annas ,
01/01/2025,13:00,03 Déjeuner,Complément,2 chitosans,
01/01/2025,13:00,03 Déjeuner,Nourriture,steak haché,
01/01/2025,13:00,03 Déjeuner,Nourriture,purée de potimaron,
01/01/2025,13:00,03 Déjeuner,Nourriture,1 yahourt,
01/01/2025,13:00,03 Déjeuner,Nourriture,1 café au lait de soja,
01/01/2025,19:00,05 Dîner,Complément,Redunat plus,
01/01/2025,19:00,05 Dîner,Nourriture,Choux fleur,
01/01/2025,19:00,05 Dîner,Nourriture,2 oeufs,
01/01/2025,19:00,05 Dîner,Nourriture,1 Yaourt avec redunat Fibra,
01/01/2025,19:00,05 Dîner,Nourriture,Tisane,
01/01/2025,23:00,07 Hydratation,None,1L eau plate,
01/01/2025,23:00,07 Hydratation,None,1L eau pétillante,
02/01/2025,06:30,01 Petit Déjeuner,Complément,Redunat plus,
02/01/2025,06:30,01 Petit Déjeuner,Nourriture,100 gr muesli avec lait de soja,
02/01/2025,06:30,01 Petit Déjeuner,Nourriture,1 café avec lait de soja,
02/01/2025,10:00,02 Collation AM,Nourriture,Pomme,
02/01/2025,10:00,02 Collation AM,Nourriture,Pamplemousse,
02/01/2025,10:00,02 Collation AM,Nourriture,1 café avec lait de soja,
02/01/2025,11:00,02 Collation AM,Nourriture,1 café avec lait de soja,
02/01/2025,13:05,03 Déjeuner,Complément,2 chitosans,
02/01/2025,13:05,03 Déjeuner,Nourriture,Blanc de poulet,
02/01/2025,13:05,03 Déjeuner,Nourriture,Purée de butternut,
02/01/2025,13:05,03 Déjeuner,Nourriture,Pates,
02/01/2025,13:05,03 Déjeuner,Nourriture,1 Yaourt,
02/01/2025,13:05,03 Déjeuner,Nourriture,1 café avec lait de soja,
02/01/2025,15:30,04 Collation PM,Nourriture,Pamplemousse,
02/01/2025,15:30,04 Collation PM,Nourriture,1 café avec lait de soja,
02/01/2025,19:20,05 Dîner,Complément,Redunat plus,
02/01/2025,19:20,05 Dîner,Nourriture,Steak de soja,
02/01/2025,19:20,05 Dîner,Nourriture,Carottes,
02/01/2025,19:20,05 Dîner,Nourriture,Poireaux,
02/01/2025,19:20,05 Dîner,Nourriture,1 Yaourt avec redunat Fibra,
02/01/2025,19:20,05 Dîner,Nourriture,Tisane,
02/01/2025,12:20,06 Activité Physique,None,Fitness/Musculation FitAI (Exercice 2) 38 min,
02/01/2025,23:00,07 Hydratation,None,2 L eau plate,
03/01/2025,06:30,01 Petit Déjeuner,Complément,Redunat plus,
03/01/2025,06:30,01 Petit Déjeuner,Nourriture,2 oeufs avec beurre,
03/01/2025,06:30,01 Petit Déjeuner,Nourriture,2 krispoll avec beure,
03/01/2025,06:30,01 Petit Déjeuner,Nourriture,1 café avec lait de soja,
03/01/2025,13:00,03 Déjeuner,Complément,2 Chitosans,
03/01/2025,13:00,03 Déjeuner,Nourriture,2 tranches de saumons fumés,
03/01/2025,13:00,03 Déjeuner,Nourriture,2 tomates,
03/01/2025,13:00,03 Déjeuner,Nourriture,200 gr poids/carottes (conserve),
03/01/2025,13:00,03 Déjeuner,Nourriture,1 ayourt,
03/01/2025,13:00,03 Déjeuner,Nourriture,1 café avec lait de soja,
03/01/2025,16:00,04 Collation PM,Nourriture,Pomme,
03/01/2025,16:00,04 Collation PM,Nourriture,café avec lait de soja,
03/01/2025,19:00,05 Dîner,Complément,Redunat plus,
03/01/2025,19:00,05 Dîner,Nourriture,steak de soja,
03/01/2025,19:00,05 Dîner,Nourriture,choux fleur,
03/01/2025,19:00,05 Dîner,Nourriture,1 Yaourt avec redunat Fibra,
03/01/2025,19:00,05 Dîner,Nourriture,Tisane,
03/01/2025,08:15,06 Activité Physique,None,Fitness/Musculation FitAI (Exercice 3) + 5 min rameur 32 min,
03/01/2025,12:15,06 Activité Physique,None,4km900 course en 40min15,
03/01/2025,23:00,07 Hydratation,Nourriture,1L d'eau platte,
03/01/2025,23:00,07 Hydratation,Nourriture,1L d'eau pétillante,
04/01/2025,07:00,01 Petit Déjeuner,Nourriture,4 Krispoll avec beure,
04/01/2025,07:00,01 Petit Déjeuner,Nourriture,2 café avec lait de soja,
04/01/2025,10:00,02 Collation AM,Nourriture,lait matcha colombus,
04/01/2025,13:00,03 Déjeuner,Nourriture,Crevettes,
04/01/2025,13:00,03 Déjeuner,Nourriture,Bettraves,
04/01/2025,13:00,03 Déjeuner,Nourriture,Concombre,
04/01/2025,13:00,03 Déjeuner,Nourriture,Lentilles,
04/01/2025,13:00,03 Déjeuner,Nourriture,1 yaourt,
04/01/2025,13:00,03 Déjeuner,Nourriture,café avec lait demi-écrémé,
04/01/2025,16:42,04 Collation PM,Nourriture,Pomme,
04/01/2025,16:42,04 Collation PM,Nourriture,café avec lait de soja,
04/01/2025,19:00,05 Dîner,Complément,Redunat plus,
04/01/2025,19:00,05 Dîner,Complément,2 Chitisans,
04/01/2025,19:00,05 Dîner,Nourriture,escalope de dinde,
04/01/2025,19:00,05 Dîner,Nourriture,200gr pois/carottes conserve,
04/01/2025,19:00,05 Dîner,Nourriture,carottes,
04/01/2025,19:00,05 Dîner,Nourriture,Courgettes,
04/01/2025,19:00,05 Dîner,Nourriture,Tisane,
04/01/2025,23:00,07 Hydratation,None,1 L d'eau platte,
04/01/2025,23:00,07 Hydratation,None,1 L d'eau pétillante,
05/01/2025,07:45,01 Petit Déjeuner,Nourriture,2 oeufs,
05/01/2025,07:45,01 Petit Déjeuner,Nourriture,1 biscotte avec beure,
05/01/2025,07:45,01 Petit Déjeuner,Nourriture,2 Krispoll avec beurre,
05/01/2025,10:25,02 Collation AM,Nourriture,Pamplemousse,
05/01/2025,12:15,02 Collation AM,Nourriture,café avec lait,
05/01/2025,13:10,03 Déjeuner,Complément,Levanat Forte,
05/01/2025,13:10,03 Déjeuner,Nourriture,2 pignons de poulet,
05/01/2025,13:10,03 Déjeuner,Nourriture,Carottes,
05/01/2025,13:10,03 Déjeuner,Nourriture,Champignons,
05/01/2025,13:10,03 Déjeuner,Nourriture,Lentilles,
05/01/2025,13:10,03 Déjeuner,Nourriture,1 Yaourt,
05/01/2025,13:10,03 Déjeuner,Nourriture,Café avec lait de soja,
05/01/2025,16:00,04 Collation PM,Nourriture,Pomme,
05/01/2025,16:00,04 Collation PM,Nourriture,Café avec lait de soja,
05/01/2025,19:15,05 Dîner,Nourriture,escalope de dinde,
05/01/2025,19:15,05 Dîner,Nourriture,Poireaux,
05/01/2025,19:15,05 Dîner,Nourriture,Carottes,
05/01/2025,19:15,05 Dîner,Nourriture,1 Yaourt avec redunat Fibra,
05/01/2025,19:15,05 Dîner,Nourriture,Tisane,
05/01/2025,09:15,06 Activité Physique,None,57 min musculation/cardio FitAI cardio complet 1,
05/01/2025,23:00,07 Hydratation,None,2 L d'eau platte,
06/01/2025,06:30,01 Petit Déjeuner,Nourriture,3 petites tranches pain complet cranberry avec beure,
06/01/2025,06:30,01 Petit Déjeuner,Nourriture,2 café au lait de soja,
06/01/2025,09:20,02 Collation AM,Nourriture,Café au lait de soja,
06/01/2025,13:30,03 Déjeuner,Complément,Levanat Forte,
06/01/2025,13:30,03 Déjeuner,Nourriture,steak haché,
06/01/2025,13:30,03 Déjeuner,Nourriture,2 Tomates,
06/01/2025,13:30,03 Déjeuner,Nourriture,Pates,
06/01/2025,13:30,03 Déjeuner,Nourriture,1 Yaourt,
06/01/2025,13:30,03 Déjeuner,Nourriture,1 Café avec lait de soja,
06/01/2025,16:00,04 Collation PM,Nourriture,Pomme,
06/01/2025,16:00,04 Collation PM,Nourriture,1 Café avec lait de soja,
06/01/2025,16:10,05 Dîner,Nourriture,Tisane,
06/01/2025,19:10,05 Dîner,Nourriture,escalope de dinde,
06/01/2025,19:10,05 Dîner,Nourriture,choux fleur,
06/01/2025,19:10,05 Dîner,Nourriture,1 Yaourt,
06/01/2025,08:30,06 Activité Physique,None,27 min Fitness/musculation FitAI Exercice 4,
06/01/2025,12:30,06 Activité Physique,None,4 Km 200 de jogging en 32 min,
06/01/2025,23:00,07 Hydratation,None,1 L d'eau platte,
06/01/2025,23:00,07 Hydratation,None,1 L d'eau pétillante,
07/01/2025,06:30,01 Petit Déjeuner,Nourriture,3 petites tranches pain complet cranberry avec beure,
07/01/2025,06:30,01 Petit Déjeuner,Nourriture,2 café au lait de soja,
07/01/2025,10:10,02 Collation AM,Nourriture,Pomme,
07/01/2025,10:10,02 Collation AM,Nourriture,1 Café avec lait de soja,
07/01/2025,12:00,03 Déjeuner,Complément,Levanat Forte,
07/01/2025,12:00,03 Déjeuner,Nourriture,escalope de dinde,
07/01/2025,12:00,03 Déjeuner,Nourriture,2 Tomates,
07/01/2025,12:00,03 Déjeuner,Nourriture,Pates,
07/01/2025,12:00,03 Déjeuner,Nourriture,1 Yaourt,
07/01/2025,12:00,03 Déjeuner,Nourriture,1 Café avec lait de soja,
07/01/2025,16:00,04 Collation PM,Nourriture,Pamplemousse,
07/01/2025,16:00,04 Collation PM,Nourriture,1 Café avec lait de soja,
07/01/2025,19:00,05 Dîner,Complément,Levanat Forte,
07/01/2025,19:00,05 Dîner,Nourriture,Saumon,
07/01/2025,19:00,05 Dîner,Nourriture,Choux de Bruxelles avec oignon,
07/01/2025,19:00,05 Dîner,Nourriture,1 Yaourt avec redunat Fibra,
07/01/2025,19:00,05 Dîner,Nourriture,Tisane,
07/01/2025,23:00,07 Hydratation,None,1 L d'eau platte,
07/01/2025,23:00,07 Hydratation,None,1 L d'eau pétillante,
08/01/2025,06:30,01 Petit Déjeuner,Nourriture,3 oeufs,
08/01/2025,06:30,01 Petit Déjeuner,Nourriture,2 Krispoll avec beurre,
08/01/2025,06:30,01 Petit Déjeuner,Nourriture,2 cafés avec lait de soja,
08/01/2025,10:00,02 Collation AM,Nourriture,Pomme,
08/01/2025,10:00,02 Collation AM,Nourriture,1 café avec lait de soja,
08/01/2025,13:00,03 Déjeuner,Complément,Levanat Forte,
08/01/2025,13:00,03 Déjeuner,Nourriture,escalope de dinde,
08/01/2025,13:00,03 Déjeuner,Nourriture,Choux de Bruxelles avec oignon,
08/01/2025,13:00,03 Déjeuner,Nourriture,Butternut,
08/01/2025,13:00,03 Déjeuner,Nourriture,200 gr petit pois/Carottes (Conserve),
08/01/2025,13:00,03 Déjeuner,Nourriture,1 Yaourt,
08/01/2025,13:00,03 Déjeuner,Nourriture,1 cafés avec lait de soja,
08/01/2025,16:00,04 Collation PM,Nourriture,Pomme,
08/01/2025,16:00,04 Collation PM,Nourriture,1 café avec lait de soja,
08/01/2025,18:00,04 Collation PM,Nourriture,200 gr petit pois/Carottes (Conserve),
08/01/2025,19:15,05 Dîner,Complément,Levanat Forte,
08/01/2025,18:00,05 Dîner,Nourriture,1 Steak Tofu aux herbes,
08/01/2025,19:15,05 Dîner,Nourriture,Steak de soja,
08/01/2025,19:15,05 Dîner,Nourriture,"Fricassé de légume Picard : Carottes, Choux fleur, ...",
08/01/2025,19:15,05 Dîner,Nourriture,1 Yaourt avec redunat Fibra,
08/01/2025,19:15,05 Dîner,Nourriture,Tisane,
08/01/2025,12:05,06 Activité Physique,None,Fitness/Musculation FitAI (Exercice 1) 35 min,
08/01/2025,23:00,07 Hydratation,None,1 L d'eau platte,
08/01/2025,23:00,07 Hydratation,None,1 L d'eau pétillante,
09/01/2025,06:30,01 Petit Déjeuner,Nourriture,5 Biscottes complètes avec beurre,
09/01/2025,06:30,01 Petit Déjeuner,Nourriture,2 cafés avec lait de soja,
09/01/2025,09:55,02 Collation AM,Nourriture,Pomme,
09/01/2025,13:10,03 Déjeuner,Complément,Levanat Forte,
09/01/2025,13:10,03 Déjeuner,Nourriture,3 oeufs,
09/01/2025,13:10,03 Déjeuner,Nourriture,"Fricassé de légume Picard : Carottes, Choux fleur, Brocolis, Petits Pois",
09/01/2025,13:10,03 Déjeuner,Nourriture,1 Yaourt,
09/01/2025,16:00,04 Collation PM,Nourriture,Pamplemousse,
09/01/2025,16:00,04 Collation PM,Nourriture,1 café avec lait de soja,
09/01/2025,22:30,04 Collation PM,Nourriture,1 Yaourt,
09/01/2025,22:30,04 Collation PM,Nourriture,1 Fromage blanc,
09/01/2025,22:30,04 Collation PM,Nourriture,Tisane,
09/01/2025,18:00,05 Dîner,Complément,Levanat Forte,
09/01/2025,18:00,05 Dîner,Nourriture,"Fricassé de légume Picard : Carottes, Choux fleur, Brocolis",
09/01/2025,18:00,05 Dîner,Nourriture,1 Yaourt avec redunat Fibra,
09/01/2025,12:10,06 Activité Physique,None,Course 4 Km 900 en 39:09 (673 kcal),
09/01/2025,23:00,07 Hydratation,None,1 L d'eau platte,
09/01/2025,23:00,07 Hydratation,None,1 L d'eau pétillante,
10/01/2025,06:30,01 Petit Déjeuner,Nourriture,5 Biscottes complètes avec beurre,
10/01/2025,06:30,01 Petit Déjeuner,Nourriture,2 café au lait de soja,
10/01/2025,10:00,02 Collation AM,Nourriture,Kiwi,
10/01/2025,10:00,02 Collation AM,Nourriture,1 café avec lait de soja,
10/01/2025,12:00,03 Déjeuner,Complément,Levanat Forte,
10/01/2025,12:00,03 Déjeuner,Nourriture,Cabillaut,
10/01/2025,12:00,03 Déjeuner,Nourriture,"Fricassé de légume Picard : Riz, Courge, carottes, Brocolis",
10/01/2025,12:00,03 Déjeuner,Nourriture,1 Yaourt,
10/01/2025,12:00,03 Déjeuner,Nourriture,1 café avec lait de soja,
10/01/2025,22:30,04 Collation PM,Nourriture,Pomme,
10/01/2025,22:30,04 Collation PM,Nourriture,Tisane,
10/01/2025,18:30,05 Dîner,Complément,Levanat Forte,
10/01/2025,18:30,05 Dîner,Nourriture,2 Pignon de poulet,
10/01/2025,18:30,05 Dîner,Nourriture,Poireaux,
10/01/2025,18:30,05 Dîner,Nourriture,1 Yaourt avec redunat Fibra,
10/01/2025,16:41,06 Activité Physique,None,32 min FitAI Cardio Cardio Complet 2,
10/01/2025,23:00,07 Hydratation,None,1 L d'eau platte,
10/01/2025,23:00,07 Hydratation,None,1 L d'eau pétillante,
11/01/2025,06:30,01 Petit Déjeuner,Nourriture,5 Biscottes complètes avec beurre,
11/01/2025,06:30,01 Petit Déjeuner,Nourriture,2 café noir,
11/01/2025,08:30,01 Petit Déjeuner,Nourriture,2 cafés avec lait de soja,
11/01/2025,11:10,02 Collation AM,Nourriture,Pamplemousse,
11/01/2025,13:20,03 Déjeuner,Complément,Levanat Forte,
11/01/2025,13:20,03 Déjeuner,Nourriture,steak haché,
11/01/2025,13:20,03 Déjeuner,Nourriture,Lentilles,
11/01/2025,13:20,03 Déjeuner,Nourriture,Bretraves,
11/01/2025,13:20,03 Déjeuner,Nourriture,Poireaux,
11/01/2025,13:20,03 Déjeuner,Nourriture,1 café avec lait de soja,
11/01/2025,15:30,04 Collation PM,Nourriture,Pomme,
11/01/2025,15:30,04 Collation PM,Nourriture,1 café avec lait de soja,
11/01/2025,19:30,05 Dîner,Complément,Levanat Forte,
11/01/2025,19:30,05 Dîner,Nourriture,Saumon,
11/01/2025,19:30,05 Dîner,Nourriture,Carottes,
11/01/2025,19:30,05 Dîner,Nourriture,1 Yaourt avec redunat Fibra,
11/01/2025,09:50,06 Activité Physique,None,51 min FitAI Cardio Cardio Complet 1,
11/01/2025,23:00,07 Hydratation,None,1 L d'eau platte,
11/01/2025,23:00,07 Hydratation,None,1 L d'eau pétillante,
12/01/2025,08:30,01 Petit Déjeuner,Nourriture,3 petites tranches pain complet cranberry avec beure,
12/01/2025,08:30,01 Petit Déjeuner,Nourriture,3 oeufs,
12/01/2025,11:10,02 Collation AM,Nourriture,1 Pamplemousse,
12/01/2025,12:30,03 Déjeuner,Complément,Levanat Forte,
12/01/2025,12:30,03 Déjeuner,Nourriture,Blanc de poulet,
12/01/2025,12:30,03 Déjeuner,Nourriture,Lentilles,
12/01/2025,12:30,03 Déjeuner,Nourriture,"Poellée Picard : Pois, Brocoli, haricot, échalottes",
12/01/2025,12:30,03 Déjeuner,Nourriture,1 café avec lait de soja,
12/01/2025,15:00,04 Collation PM,Nourriture,1 café avec lait demi-écrémé,
12/01/2025,16:00,04 Collation PM,Nourriture,1 café avec lait demi-écrémé,
12/01/2025,16:00,04 Collation PM,Nourriture,Orange,
12/01/2025,17:30,04 Collation PM,Nourriture,Pomme,
12/01/2025,19:15,05 Dîner,Complément,Levanat Forte,
12/01/2025,19:15,05 Dîner,Nourriture,Saumon,
12/01/2025,19:15,05 Dîner,Nourriture,Coeurs de palmier,
12/01/2025,19:15,05 Dîner,Nourriture,Asperges,
12/01/2025,19:15,05 Dîner,Nourriture,Tisane,
12/01/2025,10:20,06 Activité Physique,None,Course 4 Km 500 en 34:10 (580 kcal),
12/01/2025,23:00,07 Hydratation,None,1 L d'eau platte,
12/01/2025,23:00,07 Hydratation,None,1 L d'eau pétillante,
13/01/2025,06:30,01 Petit Déjeuner,Nourriture,3 petites tranches pain complet cranberry avec beure,
13/01/2025,06:30,01 Petit Déjeuner,Nourriture,2 cafés avec lait de soja,
13/01/2025,10:00,02 Collation AM,Nourriture,Pamplemousse,
13/01/2025,10:00,02 Collation AM,Nourriture,1 café avec lait de soja,
13/01/2025,12:15,03 Déjeuner,Complément,Levanat Forte,
13/01/2025,12:15,03 Déjeuner,Nourriture,Blanc de poulet,
13/01/2025,12:15,03 Déjeuner,Nourriture,"Fricassé de légume Picard : Riz, Courge, carottes, Brocolis",
13/01/2025,12:15,03 Déjeuner,Nourriture,Skyr,
13/01/2025,16:00,04 Collation PM,Nourriture,Pomme,
13/01/2025,16:00,04 Collation PM,Nourriture,1 café avec lait de soja,
13/01/2025,19:15,05 Dîner,Complément,Levanat Forte,
13/01/2025,19:15,05 Dîner,Nourriture,1/2 steak de tofu,
13/01/2025,19:15,05 Dîner,Nourriture,1   steak de soja,
13/01/2025,19:15,05 Dîner,Nourriture,Carottes,
13/01/2025,19:15,05 Dîner,Nourriture,Courgettes,
13/01/2025,19:15,05 Dîner,Nourriture,Courgettes,
13/01/2025,19:15,05 Dîner,Nourriture,1 Yaourt avec redunat Fibra,
13/01/2025,19:15,05 Dîner,Nourriture,Tisane,
13/01/2025,23:00,07 Hydratation,None,1 L d'eau platte,
13/01/2025,23:00,07 Hydratation,None,1 L d'eau pétillante,
14/01/2025,06:30,01 Petit Déjeuner,Nourriture,4 Krispolls avec beurre,
14/01/2025,06:30,01 Petit Déjeuner,Nourriture,1 petites tranche pain complet cranberry avec beurre,
14/01/2025,06:30,01 Petit Déjeuner,Nourriture,2 cafés avec lait de soja,
14/01/2025,10:00,02 Collation AM,Nourriture,Pamplemousse,
14/01/2025,10:00,02 Collation AM,Nourriture,1 café avec lait de soja,
14/01/2025,13:15,03 Déjeuner,Complément,Levanat Forte,
14/01/2025,13:15,03 Déjeuner,Complément,Levanat Plus,
14/01/2025,13:15,03 Déjeuner,Complément,2 Chitosans,
14/01/2025,13:15,03 Déjeuner,Nourriture,200 gr grosses crevettes roses,
14/01/2025,13:15,03 Déjeuner,Nourriture,200 Lentilles,
14/01/2025,13:15,03 Déjeuner,Nourriture,"Poellée Picard : Poivrons, Aubergines",
14/01/2025,13:15,03 Déjeuner,Nourriture,1 Skyr,
14/01/2025,13:15,03 Déjeuner,Nourriture,1 Café avec lait de soja,
14/01/2025,16:45,04 Collation PM,Nourriture,2 petites pommes,
14/01/2025,16:45,04 Collation PM,Nourriture,1 Café avec lait de soja,
14/01/2025,18:25,05 Dîner,Complément,Levanat Forte,
14/01/2025,18:25,05 Dîner,Complément,Levanat Plus,
14/01/2025,18:25,05 Dîner,Complément,2 Chitosans,
14/01/2025,18:30,05 Dîner,Nourriture,Steak haché avec huile d'olive,
14/01/2025,18:30,05 Dîner,Nourriture,Bettraves,
14/01/2025,18:30,05 Dîner,Nourriture,Carottes,
14/01/2025,18:30,05 Dîner,Nourriture,1 Yaourt avec redunat Fibra,
14/01/2025,18:30,05 Dîner,Nourriture,4 petits gateaux NaturHouse,
14/01/2025,12:15,06 Activité Physique,None,4 km 940 en 37:42,625
14/01/2025,17:30,06 Activité Physique,None,42 min FitAI Cardio Cardio Complet 1,405
14/01/2025,23:00,07 Hydratation,None,1 L d'eau platte,
14/01/2025,23:00,07 Hydratation,None,1 L d'eau pétillante,
15/01/2025,06:30,01 Petit Déjeuner,Complément,Levanat Plus,
15/01/2025,06:30,01 Petit Déjeuner,Nourriture,5 biscottes complètes avec beurre,
15/01/2025,06:30,01 Petit Déjeuner,Nourriture,2 Cafés avec lait de soja,
15/01/2025,10:15,02 Collation AM,Nourriture,Pamplemousse,
15/01/2025,10:15,02 Collation AM,Nourriture,1 Café avec lait de soja,
15/01/2025,12:20,03 Déjeuner,Complément,Levanat Forte,
15/01/2025,12:20,03 Déjeuner,Complément,2 Chitosans,
15/01/2025,12:20,03 Déjeuner,Nourriture,Steak haché,
15/01/2025,12:20,03 Déjeuner,Nourriture,Harichots ,
15/01/2025,12:20,03 Déjeuner,Nourriture,Lentilles,
15/01/2025,12:20,03 Déjeuner,Nourriture,1 Yaourt,
15/01/2025,12:20,03 Déjeuner,Nourriture,1 Café au lait de soja,
15/01/2025,16:45,04 Collation PM,Nourriture,Pomme,
15/01/2025,16:45,04 Collation PM,Nourriture,1 Café au lait de soja,
15/01/2025,19:15,05 Dîner,Complément,Levanat Forte,
15/01/2025,19:15,05 Dîner,Complément,Levanat Plus,
15/01/2025,19:15,05 Dîner,Complément,2 Chitosans,
15/01/2025,19:15,05 Dîner,Nourriture,Saumon,
15/01/2025,19:15,05 Dîner,Nourriture,choux fleur,
15/01/2025,19:15,05 Dîner,Nourriture,1 Yaourt avec redunat Fibra,
15/01/2025,19:15,05 Dîner,Nourriture,Tisane,
15/01/2025,08:21,06 Activité Physique,None,35 min FitAI Bras-Cardio,295
15/01/2025,23:00,07 Hydratation,None,1 L d'eau platte,
15/01/2025,23:00,07 Hydratation,None,1 L d'eau pétillante,
16/01/2025,06:30,01 Petit Déjeuner,Complément,Levanat Plus,
16/01/2025,06:30,01 Petit Déjeuner,Nourriture,3 oeufs au beurre,
16/01/2025,06:30,01 Petit Déjeuner,Nourriture,5 biscottes complètes avec beure,
16/01/2025,06:30,01 Petit Déjeuner,Nourriture,1 Café au lait de soja,
16/01/2025,08:10,02 Collation AM,Nourriture,1 Café au lait de soja,
16/01/2025,10:00,02 Collation AM,Nourriture,1 Café au lait de soja,
16/01/2025,10:00,02 Collation AM,Nourriture,Pamplemousse,
16/01/2025,12:10,03 Déjeuner,Complément,Levanat Forte,
16/01/2025,12:10,03 Déjeuner,Complément,2 Chitosans,
16/01/2025,12:10,03 Déjeuner,Nourriture,Blanc de poulet,
16/01/2025,12:10,03 Déjeuner,Nourriture,Pates,
16/01/2025,12:10,03 Déjeuner,Nourriture,Harichots ,
16/01/2025,12:10,03 Déjeuner,Nourriture,Bettraves,
16/01/2025,12:10,03 Déjeuner,Nourriture,1 Café au lait de soja,
16/01/2025,12:10,03 Déjeuner,Nourriture,1 Yaourt,
16/01/2025,15:45,04 Collation PM,Nourriture,Pomme,
16/01/2025,15:45,04 Collation PM,Nourriture,1 Café au lait de soja,
16/01/2025,19:25,05 Dîner,Complément,Levanat Forte,
16/01/2025,19:25,05 Dîner,Complément,Levanat Plus,
16/01/2025,19:25,05 Dîner,Complément,2 Chitosans,
16/01/2025,19:30,05 Dîner,Nourriture,Saumon,
16/01/2025,19:30,05 Dîner,Nourriture,"Poellée bretonne Picard : Choux-fleur, Brocolis, Haricots, Carottes",
16/01/2025,19:30,05 Dîner,Nourriture,1 Yaourt avec redunat Fibra,
16/01/2025,19:30,05 Dîner,Nourriture,Tisane,
16/01/2025,07:30,06 Activité Physique,None,30 min de rameur à eau (770 strokes),322
16/01/2025,23:00,07 Hydratation,None,1 L d'eau platte,
16/01/2025,23:00,07 Hydratation,None,1 L d'eau pétillante,
17/01/2025,06:30,01 Petit Déjeuner,Complément,Levanat Plus,
17/01/2025,06:30,01 Petit Déjeuner,Nourriture,5 Biscottes complètes avec beurre,
17/01/2025,06:30,01 Petit Déjeuner,Nourriture,2 Cafés au lait de soja,
17/01/2025,08:50,02 Collation AM,Nourriture,1 Café au lait de soja,
17/01/2025,11:55,03 Déjeuner,Complément,2 Chitosans,
17/01/2025,11:55,03 Déjeuner,Complément,Levanat Forte,
17/01/2025,11:55,03 Déjeuner,Nourriture,Blanc de poulet,
17/01/2025,11:55,03 Déjeuner,Nourriture,"Poellée bretonne Picard : Choux-fleur, Brocolis, Haricots, Carottes",
17/01/2025,11:55,03 Déjeuner,Nourriture,1 Yaourt,
17/01/2025,11:55,03 Déjeuner,Nourriture,1 Café au lait de soja,
17/01/2025,15:30,04 Collation PM,Nourriture,Pomme,
17/01/2025,15:30,04 Collation PM,Nourriture,1 Café au lait de soja,
17/01/2025,19:35,05 Dîner,Complément,Levanat Forte,
17/01/2025,19:35,05 Dîner,Complément,Levanat Plus,
17/01/2025,19:35,05 Dîner,Complément,2 Chitosans,
17/01/2025,19:45,05 Dîner,Nourriture,Steak de soja,
17/01/2025,19:45,05 Dîner,Nourriture,Courgettes,
17/01/2025,19:45,05 Dîner,Nourriture,Carottes,
17/01/2025,19:45,05 Dîner,Nourriture,1 Yaourt avec redunat Fibra,
17/01/2025,07:45,06 Activité Physique,None,35 min FitAI Exercice 1,268
17/01/2025,16:36,06 Activité Physique,None,26 min FitAI Cardio Cardio Complet 2,195
17/01/2025,23:00,07 Hydratation,None,1 L d'eau platte,
17/01/2025,23:00,07 Hydratation,None,1 L d'eau pétillante,
18/01/2025,07:20,01 Petit Déjeuner,Complément,Levanat Plus,
18/01/2025,07:20,01 Petit Déjeuner,Nourriture,3 Oeufs,
18/01/2025,07:20,01 Petit Déjeuner,Nourriture,3 Krispoll avec du beurre,
18/01/2025,07:20,01 Petit Déjeuner,Nourriture,1 Café au lait de soja,
18/01/2025,10:10,02 Collation AM,Nourriture,Pamplemousse,
18/01/2025,10:10,02 Collation AM,Nourriture,1 Café au lait de soja,
18/01/2025,13:55,03 Déjeuner,Complément,2 Chitosans,
18/01/2025,12:55,03 Déjeuner,Nourriture,Steak haché,
18/01/2025,12:55,03 Déjeuner,Nourriture,Navet,
18/01/2025,12:55,03 Déjeuner,Nourriture,Oignon,
18/01/2025,12:55,03 Déjeuner,Nourriture,Carottes,
18/01/2025,12:55,03 Déjeuner,Nourriture,Poireaux,
18/01/2025,12:55,03 Déjeuner,Nourriture,Poivron,
18/01/2025,12:55,03 Déjeuner,Nourriture,Fromage Blanc,
18/01/2025,12:55,03 Déjeuner,Nourriture,1 Café au lait de soja,
18/01/2025,17:00,04 Collation PM,Nourriture,Pomme,
18/01/2025,17:00,04 Collation PM,Nourriture,1 Café au lait de soja,
18/01/2025,23:00,04 Collation PM,Nourriture,Pomme,
18/01/2025,19:00,05 Dîner,Complément,2 Chitosans,
18/01/2025,19:00,05 Dîner,Complément,Levanat plus,
18/01/2025,19:00,05 Dîner,Nourriture,blanc de poulet,
18/01/2025,19:00,05 Dîner,Nourriture,Carottes,
18/01/2025,19:00,05 Dîner,Nourriture,Brocolis,
18/01/2025,19:00,05 Dîner,Nourriture,Tisane,
18/01/2025,19:00,05 Dîner,Nourriture,1 Yaourt avec redunat Fibra,
18/01/2025,08:23,06 Activité Physique,None,20:19 min FitAI Exercice 3,166
18/01/2025,08:49,06 Activité Physique,None,28:40 min FitAI Exercice 4,250
18/01/2025,23:00,07 Hydratation,None,1 L d'eau platte,
18/01/2025,23:00,07 Hydratation,None,1 L d'eau pétillante,
19/01/2025,08:10,01 Petit Déjeuner,Complément,Levanat plus,
19/01/2025,08:10,01 Petit Déjeuner,Nourriture,3 petites tranches avec beurre de pains gris Cranberry,
19/01/2025,08:10,01 Petit Déjeuner,Nourriture,1 Café au lait de soja,
19/01/2025,12:00,03 Déjeuner,Complément,2 chitosans,
19/01/2025,12:10,03 Déjeuner,Nourriture,3 pignons de poulet,
19/01/2025,12:10,03 Déjeuner,Nourriture,"poellée Picard : brocolis, haricots, pois",
19/01/2025,12:10,03 Déjeuner,Nourriture,1 yaourt,
19/01/2025,14:50,04 Collation PM,Nourriture,3 clementines,
19/01/2025,14:50,04 Collation PM,Nourriture,Pomme,
19/01/2025,14:50,04 Collation PM,Nourriture,1 Café au lait de soja,
19/01/2025,16:30,04 Collation PM,Nourriture,1 Café au lait de soja,
19/01/2025,18:20,05 Dîner,Complément,2 Chitosans,
19/01/2025,18:20,05 Dîner,Complément,Levanat plus,
19/01/2025,18:20,05 Dîner,Nourriture,Steak haché,
19/01/2025,18:20,05 Dîner,Nourriture,Choux fleur,
19/01/2025,18:20,05 Dîner,Nourriture,Courgettes,
19/01/2025,18:20,05 Dîner,Nourriture,1 Yaourt avec redunat Fibra,
19/01/2025,18:20,05 Dîner,Nourriture,Tisane,
19/01/2025,10:07,06 Activité Physique,None,35 min course 4km60,602
19/01/2025,23:00,07 Hydratation,None,1 L d'eau platte,
19/01/2025,23:00,07 Hydratation,None,1 L d'eau pétillante,
20/01/2025,02:45,01 Petit Déjeuner,Nourriture,2 Cafés au lait de soja,
20/01/2025,08:16,01 Petit Déjeuner,Nourriture,Avion : 2 petits gateaux,
20/01/2025,08:16,01 Petit Déjeuner,Nourriture,Avion : 1 café noir,
20/01/2025,12:02,03 Déjeuner,Nourriture,Kick-off Logpoint : Saumon,
20/01/2025,12:02,03 Déjeuner,Nourriture,"Kick-off Logpoint : Salade verte, concombre, flageolais verts",
20/01/2025,12:02,03 Déjeuner,Nourriture,Kick-off Logpoint : Harents pignon de pin,
20/01/2025,12:02,03 Déjeuner,Nourriture,Kick-off Logpoint : Grappe de raisins,
20/01/2025,14:02,04 Collation PM,Nourriture,Kick-off Logpoint : Pomme,
20/01/2025,14:02,04 Collation PM,Nourriture,Kick-off Logpoint : Mini grappe de raisin,
20/01/2025,14:02,04 Collation PM,Nourriture,Kick-off Logpoint : 2 cafés au lait sans lactose,
20/01/2025,18:55,04 Collation PM,Nourriture,Kick-off Logpoint : Bière Grimbergen 33cl,
20/01/2025,20:39,05 Dîner,Nourriture,Kick-off Logpoint : Tranche de Poulet avec farce de vollaile ,
20/01/2025,20:39,05 Dîner,Nourriture,Kick-off Logpoint : Champignon et Fenouille,
20/01/2025,20:39,05 Dîner,Nourriture,Kick-off Logpoint : Gratin style dauphinois,
20/01/2025,23:00,07 Hydratation,Nourriture,1 Litre eau pétillante,
20/01/2025,23:00,07 Hydratation,Nourriture,1 Litre eau platte,
21/01/2025,07:44,01 Petit Déjeuner,Nourriture,Kick-off Logpoint : Oeufs buffet hotel (reconstitué),
21/01/2025,08:00,01 Petit Déjeuner,Nourriture,Kick-off Logpoint : Oeufs buffet hotel (reconstitué),
21/01/2025,08:00,01 Petit Déjeuner,Nourriture,Kick-off Logpoint : Radis,
21/01/2025,08:00,01 Petit Déjeuner,Nourriture,Kick-off Logpoint : Jambon,
21/01/2025,08:00,01 Petit Déjeuner,Nourriture,Kick-off Logpoint : Jambon de poulet,
21/01/2025,08:00,01 Petit Déjeuner,Nourriture,Kick-off Logpoint : cottage cheese,
21/01/2025,08:00,01 Petit Déjeuner,Nourriture,Kick-off Logpoint : 2 cafés au lait sans lactose,
21/01/2025,09:44,02 Collation AM,Nourriture,Kick-off Logpoint : Pomme,
21/01/2025,09:44,02 Collation AM,Nourriture,Kick-off Logpoint : 1 Muesli energy bar,
21/01/2025,09:44,02 Collation AM,Nourriture,Kick-off Logpoint : 2 cafés au lait sans lactose,
21/01/2025,12:07,03 Déjeuner,Nourriture,Kick-off Logpoint : Saumon,
21/01/2025,12:07,03 Déjeuner,Nourriture,Kick-off Logpoint : Toast pain noir avec préparation Harengs,
21/01/2025,12:07,03 Déjeuner,Nourriture,Kick-off Logpoint : Toast pain noir avec préparation frugal et salade,
21/01/2025,13:07,04 Collation PM,Nourriture,Kick-off Logpoint : Verre 20 cl Noix de cajou et amende,
21/01/2025,13:07,04 Collation PM,Nourriture,Kick-off Logpoint : 2 cafés au lait sans lactose,
21/01/2025,16:05,04 Collation PM,Nourriture,Kick-off Logpoint : Dessert graine de chia,
21/01/2025,16:05,04 Collation PM,Nourriture,Kick-off Logpoint : 2 cafés au lait sans lactose,
21/01/2025,18:58,04 Collation PM,Nourriture,Kick-off Logpoint : Cocktail Margarita,
21/01/2025,19:22,05 Dîner,Nourriture,Kick-off Logpoint : Champagne,
21/01/2025,19:40,05 Dîner,Nourriture,Kick-off Logpoint : Entrée ???,
21/01/2025,19:40,05 Dîner,Nourriture,Kick-off Logpoint : Tranche de roti de boeuf avec 1 asperge verte,
21/01/2025,19:40,05 Dîner,Nourriture,"Kick-off Logpoint : Dessert cacahuètes, crème sucrée et biscuit croquant",
21/01/2025,06:18,06 Activité Physique,None,Kick-off Logpoint : 30 min de rameur,329
21/01/2025,22:44,06 Activité Physique,None,Kick-off Logpoint : 10 Min dance floor,97
21/01/2025,23:22,06 Activité Physique,None,Kick-off Logpoint : 50 Min dance floor,444
21/01/2025,23:00,07 Hydratation,Nourriture,Kick-off Logpoint : 1 Litre eau pétillante,
21/01/2025,23:00,07 Hydratation,Nourriture,Kick-off Logpoint : 1 Litre eau platte,
22/01/2025,07:44,01 Petit Déjeuner,Nourriture,Kick-off Logpoint : Radis,
22/01/2025,07:44,01 Petit Déjeuner,Nourriture,Kick-off Logpoint : Jambon,
22/01/2025,07:44,01 Petit Déjeuner,Nourriture,Kick-off Logpoint : Jambon de poulet,
22/01/2025,07:44,01 Petit Déjeuner,Nourriture,Kick-off Logpoint : cottage cheese,
22/01/2025,07:44,01 Petit Déjeuner,Nourriture,Kick-off Logpoint : 2 cafés au lait sans lactose,
22/01/2025,12:16,03 Déjeuner,Nourriture,Kick-off Logpoint : Hamburger végétarien,
22/01/2025,12:16,03 Déjeuner,Nourriture,Kick-off Logpoint : Canette de Coca 33 cl,
22/01/2025,12:16,03 Déjeuner,Nourriture,Kick-off Logpoint : Grappe de raisins,
22/01/2025,16:05,04 Collation PM,Nourriture,Kick-off Logpoint : Aeroport Bière 33 cl,
22/01/2025,17:15,04 Collation PM,Nourriture,Kick-off Logpoint : Aeroport  Packet individuel de cacahouète salées,
22/01/2025,17:15,04 Collation PM,Nourriture,Kick-off Logpoint : Aeroport Muesli bar,
22/01/2025,19:05,05 Dîner,Nourriture,Kick-off Logpoint : Avion Boeuf façon pot-au-feu Légumes fondant et souce raifort,
22/01/2025,19:05,05 Dîner,Nourriture,Kick-off Logpoint : Avion Cantal et chabichou du Poitou,
22/01/2025,19:05,05 Dîner,Nourriture,Kick-off Logpoint : Avion Chou craquelin à la vanille,
22/01/2025,19:05,05 Dîner,Nourriture,Kick-off Logpoint : Avion 2 coupes de champagne,
22/01/2025,19:05,05 Dîner,Nourriture,Kick-off Logpoint : Avion 2 café noir,
22/01/2025,23:00,07 Hydratation,Nourriture,Kick-off Logpoint : 1 Litre eau platte,
23/01/2025,06:30,01 Petit Déjeuner,Complément,Redunat Plus,
23/01/2025,06:30,01 Petit Déjeuner,Nourriture,100gr Muesli avec lait de Soja,
23/01/2025,06:30,01 Petit Déjeuner,Nourriture,2 Cafés au lait de soja,
23/01/2025,11:00,02 Collation AM,Nourriture,Pamplemousse,
23/01/2025,11:00,02 Collation AM,Nourriture,1 Café au lait de soja,
23/01/2025,12:00,03 Déjeuner,Nourriture,Saumon,
23/01/2025,12:00,03 Déjeuner,Nourriture,Riz noire,
23/01/2025,12:00,03 Déjeuner,Nourriture,Harichots ,
23/01/2025,12:00,03 Déjeuner,Nourriture,1 Yaourt,
23/01/2025,12:00,03 Déjeuner,Nourriture,1 Café au lait de soja,
23/01/2025,16:00,04 Collation PM,Nourriture,Pomme,
23/01/2025,16:00,04 Collation PM,Nourriture,1 Café au lait de soja,
23/01/2025,19:15,05 Dîner,Complément,Redunat Plus,
23/01/2025,19:15,05 Dîner,Complément,2 Chitosans,
23/01/2025,19:15,05 Dîner,Nourriture,Steak soja,
23/01/2025,19:15,05 Dîner,Nourriture,Picard : Harricots plats,
23/01/2025,19:15,05 Dîner,Nourriture,Picard : Aubergine/Poivons,
23/01/2025,19:15,05 Dîner,Nourriture,1 Yaourt avec redunat Fibra,
23/01/2025,19:15,05 Dîner,Nourriture,Tisane,
23/01/2025,23:00,07 Hydratation,None,1 L d'eau pétillante,
24/01/2025,06:30,01 Petit Déjeuner,Complément,Redunat Plus,
24/01/2025,06:30,01 Petit Déjeuner,Nourriture,5 Biscottes avec beurres,
24/01/2025,06:30,01 Petit Déjeuner,Nourriture,1 Café au lait de soja,
24/01/2025,08:30,02 Collation AM,Nourriture,1 Café au lait de soja,
24/01/2025,12:00,03 Déjeuner,Complément,2 Chitosans,
24/01/2025,12:00,03 Déjeuner,Nourriture,Crevettes roses,
24/01/2025,12:00,03 Déjeuner,Nourriture,Mais,
24/01/2025,12:00,03 Déjeuner,Nourriture,Coeurs de palmier,
24/01/2025,12:00,03 Déjeuner,Nourriture,Fonds d'artichaut,
24/01/2025,12:00,03 Déjeuner,Nourriture,1 Café au lait de soja,
24/01/2025,12:00,03 Déjeuner,Nourriture,1 Yaourt,
24/01/2025,19:15,03 Déjeuner,Nourriture,Choux fleur,
24/01/2025,17:00,04 Collation PM,Nourriture,1 Café au lait de soja,
24/01/2025,17:00,04 Collation PM,Nourriture,Pomme,
24/01/2025,19:15,05 Dîner,Complément,Redunat Plus,
24/01/2025,19:15,05 Dîner,Nourriture,Steak de soja,
24/01/2025,19:15,05 Dîner,Nourriture,Brocolis,
24/01/2025,19:15,05 Dîner,Nourriture,Harichots ,
24/01/2025,19:15,05 Dîner,Nourriture,1 Yaourt avec redunat Fibra,
24/01/2025,23:00,07 Hydratation,None,1 L d'eau pétillante,
25/01/2025,07:00,01 Petit Déjeuner,Complément,Redunat Plus,
25/01/2025,07:00,01 Petit Déjeuner,Nourriture,5 Biscottes avec beurres,
25/01/2025,07:00,01 Petit Déjeuner,Nourriture,2 Cafés au lait de soja,
25/01/2025,10:30,02 Collation AM,Nourriture,Pomme,
25/01/2025,10:30,02 Collation AM,Nourriture,1 Café au lait de soja,
25/01/2025,12:15,03 Déjeuner,Complément,2 Chitosans,
25/01/2025,12:15,03 Déjeuner,Nourriture,Steak Haché,
25/01/2025,12:15,03 Déjeuner,Nourriture,Carottes,
25/01/2025,12:15,03 Déjeuner,Nourriture,Lentilles,
25/01/2025,12:15,03 Déjeuner,Nourriture,1 Yaourt,
25/01/2025,15:30,04 Collation PM,Nourriture,Pomme,
25/01/2025,15:30,04 Collation PM,Nourriture,Kiwis,
25/01/2025,19:00,05 Dîner,Complément,Redunat Plus,
25/01/2025,19:00,05 Dîner,Nourriture,3 Pillons de poulet,
25/01/2025,19:00,05 Dîner,Nourriture,Choux fleur,
25/01/2025,19:00,05 Dîner,Nourriture,Brocolis,
25/01/2025,19:00,05 Dîner,Nourriture,1 Yaourt avec redunat Fibra,
25/01/2025,19:00,05 Dîner,Nourriture,Fromage blanc,
25/01/2025,19:00,05 Dîner,Nourriture,Tisane,
25/01/2025,11:00,06 Activité Physique,None,42 min FitAI Cardio Cardio Complet 1,367
25/01/2025,23:00,07 Hydratation,None,2 L d'eau pétillante,
26/01/2025,07:30,01 Petit Déjeuner,Complément,Redunat Plus,
26/01/2025,07:30,01 Petit Déjeuner,Nourriture,3 petites tranches avec beurre de pains gris Cranberry,
26/01/2025,07:30,01 Petit Déjeuner,Nourriture,2 Cafés au lait de soja,
26/01/2025,14:00,03 Déjeuner,Nourriture,"Baptêmes: 25 cl soupe potiron, lait de coco, carottes morceaux de marons",
26/01/2025,14:00,03 Déjeuner,Nourriture,Baptêmes: tranche de saumon fumé,
26/01/2025,14:00,03 Déjeuner,Nourriture,Baptêmes: salade endive et pomme,
26/01/2025,14:00,03 Déjeuner,Nourriture,Baptêmes: salade carottes et lentilles,
26/01/2025,14:00,03 Déjeuner,Nourriture,"Baptêmes: Lasagne végétale : Tomates, Courgettes, Aubergines",
26/01/2025,16:00,04 Collation PM,Nourriture,Baptêmes: 3 choux à la crème (pièce montée),
26/01/2025,16:00,04 Collation PM,Nourriture,Baptêmes: 2 Boules glaces vanille,
26/01/2025,16:00,04 Collation PM,Nourriture,Baptêmes: Café expresso,
26/01/2025,21:00,04 Collation PM,Nourriture,Pomme,
26/01/2025,20:00,05 Dîner,Complément,Redunat Plus,
26/01/2025,20:00,05 Dîner,Complément,2 Chitosans,
26/01/2025,20:00,05 Dîner,Nourriture,Steak Haché,
26/01/2025,20:00,05 Dîner,Nourriture,"Picard: Poellée : Carottes, Brocolis et Choux fleur",
26/01/2025,20:00,05 Dîner,Nourriture,1 Yaourt avec redunat Fibra,
26/01/2025,20:00,05 Dîner,Nourriture,Tisane,
26/01/2025,23:00,07 Hydratation,Nourriture,1 Litre eau pétillante,
26/01/2025,23:00,07 Hydratation,Nourriture,0.5 Litre eau platte,
27/01/2025,06:30,01 Petit Déjeuner,Complément,Redunat Plus,
27/01/2025,06:30,01 Petit Déjeuner,Nourriture,2.5 petites tranches avec beurre de pains gris Cranberry,
27/01/2025,06:30,01 Petit Déjeuner,Nourriture,1 Café au lait de soja,
27/01/2025,09:15,02 Collation AM,Nourriture,1 Café au lait de soja,
27/01/2025,10:40,02 Collation AM,Nourriture,Pamplemousse,
27/01/2025,10:40,02 Collation AM,Nourriture,1 Café au lait de soja,
27/01/2025,12:50,03 Déjeuner,Nourriture,blanc de poulet,
27/01/2025,12:50,03 Déjeuner,Nourriture,"Picard: Poellée : Carottes, Brocolis et Choux fleur",
27/01/2025,12:50,03 Déjeuner,Nourriture,Bettraves,
27/01/2025,12:50,03 Déjeuner,Nourriture,1 Yaourt,
27/01/2025,12:50,03 Déjeuner,Nourriture,1 Café au lait de soja,
27/01/2025,12:50,03 Déjeuner,Nourriture,200 gr de Lentille,
27/01/2025,16:15,04 Collation PM,Nourriture,Pommme,
27/01/2025,16:15,04 Collation PM,Nourriture,1 Café au lait de soja,
27/01/2025,19:15,05 Dîner,Complément,Redunat Plus,
27/01/2025,20:44,05 Dîner,Nourriture,Cocktail du maire : Champagne,
27/01/2025,20:44,05 Dîner,Nourriture,Cocktail du maire : Batonnets de carottes,
27/01/2025,20:44,05 Dîner,Nourriture,Cocktail du maire : Batonnets de Concombres,
27/01/2025,20:44,05 Dîner,Nourriture,Cocktail du maire : Batonnets de Raiforts,
27/01/2025,20:44,05 Dîner,Nourriture,Cocktail du maire : Mini cassolettes de risotto coquille saint jacques,
27/01/2025,20:44,05 Dîner,Nourriture,Cocktail du maire : Mini cassolettes de risotto cubes de poulets,
27/01/2025,20:44,05 Dîner,Nourriture,Cocktail du maire : Mini gambas,
27/01/2025,20:44,05 Dîner,Nourriture,Cocktail du maire : Thon ,
27/01/2025,20:44,05 Dîner,Nourriture,Cocktail du maire : Crème d'oeufs,
27/01/2025,20:44,05 Dîner,Nourriture,Cocktail du maire : 1/8 gauffre de bruxelles nature,
27/01/2025,20:44,05 Dîner,Nourriture,Cocktail du maire : Macaron,
27/01/2025,08:30,06 Activité Physique,None,30 min de rameur à eau (780 strokes),327
27/01/2025,23:00,07 Hydratation,Nourriture,1 Litre eau petillante,
28/01/2025,06:30,01 Petit Déjeuner,Nourriture,5 Krispoll avec beurre,
28/01/2025,06:30,01 Petit Déjeuner,Nourriture,1 Café au lait de soja,
28/01/2025,09:45,02 Collation AM,Nourriture,Pomme,
28/01/2025,09:45,02 Collation AM,Nourriture,1 Café au lait de soja,
28/01/2025,12:00,03 Déjeuner,Complément,Levanat forte,
28/01/2025,12:00,03 Déjeuner,Complément,Redunat Plus,
28/01/2025,12:00,03 Déjeuner,Nourriture,blanc de poulet,
28/01/2025,12:00,03 Déjeuner,Nourriture,Courgettes,
28/01/2025,12:00,03 Déjeuner,Nourriture,Pâtes ,
28/01/2025,12:00,03 Déjeuner,Nourriture,1 Yaourt,
28/01/2025,12:00,03 Déjeuner,Nourriture,1 Café au lait de soja,
28/01/2025,16:00,04 Collation PM,Nourriture,Pamplemousse,
28/01/2025,16:00,04 Collation PM,Nourriture,1 Café au lait de soja,
28/01/2025,20:00,05 Dîner,Complément,Redunat Plus,
28/01/2025,20:00,05 Dîner,Complément,Fluicir,
28/01/2025,20:00,05 Dîner,Complément,2 Redunat caps,
28/01/2025,20:00,05 Dîner,Nourriture,Escalope de dinde,
28/01/2025,20:00,05 Dîner,Nourriture,Choux fleur,
28/01/2025,20:00,05 Dîner,Nourriture,Courgettes,
28/01/2025,20:00,05 Dîner,Nourriture,1 Yaourt avec redunat Fibra,
28/01/2025,20:00,05 Dîner,Nourriture,Tisane,
28/01/2025,07:30,06 Activité Physique,None,26 min FitAI Cardio Cardio Complet 2,209
28/01/2025,23:00,07 Hydratation,Nourriture,1 Litre eau pétillante,
28/01/2025,23:00,07 Hydratation,Nourriture,0.5 Litre eau platte,
29/01/2025,06:30,01 Petit Déjeuner,Complément,Redunat Plus,
29/01/2025,06:30,01 Petit Déjeuner,Complément,Fluicir,
29/01/2025,06:30,01 Petit Déjeuner,Nourriture,3 petites tranches avec beurre de pains gris Cranberry,
29/01/2025,06:30,01 Petit Déjeuner,Nourriture,1 Café au lait de soja,
29/01/2025,09:10,02 Collation AM,Nourriture,Pamplemousse,
29/01/2025,09:10,02 Collation AM,Nourriture,1 Café au lait de soja,
29/01/2025,13:20,03 Déjeuner,Complément,2 Redunat caps,
29/01/2025,13:20,03 Déjeuner,Nourriture,Saumon,
29/01/2025,13:20,03 Déjeuner,Nourriture,Pâtes ,
29/01/2025,13:20,03 Déjeuner,Nourriture,Picard : Poêlée de poivron et Aubergines,
29/01/2025,13:20,03 Déjeuner,Nourriture,1 Yaourt,
29/01/2025,13:20,03 Déjeuner,Nourriture,1 Café avec lait de soja,
29/01/2025,15:30,04 Collation PM,Nourriture,Pomme,
29/01/2025,15:30,04 Collation PM,Nourriture,1 Café avec lait de soja,
29/01/2025,18:50,05 Dîner,Complément,Fluicir,
29/01/2025,18:50,05 Dîner,Complément,Redunat Caps,
29/01/2025,18:50,05 Dîner,Nourriture,Steak haché,
29/01/2025,18:50,05 Dîner,Nourriture,400 gr de purée de carottes,
29/01/2025,18:50,05 Dîner,Nourriture,1 Yaourt avec redunat Fibra,
29/01/2025,18:50,05 Dîner,Nourriture,Tisane,
29/01/2025,12:20,06 Activité Physique,None,35 min FitAI Cardio Cardio-Bras,198
29/01/2025,23:00,07 Hydratation,Nourriture,1 Litre eau pétillante,
30/01/2025,06:30,01 Petit Déjeuner,Complément,Fluicir,
30/01/2025,06:30,01 Petit Déjeuner,Nourriture,3 petites tranches avec beurre de pains gris Cranberry,
30/01/2025,06:30,01 Petit Déjeuner,Nourriture,1 Café au lait de soja,
30/01/2025,09:30,02 Collation AM,Nourriture,Pamplemousse,
30/01/2025,09:30,02 Collation AM,Nourriture,1 Café au lait de soja,
30/01/2025,12:15,03 Déjeuner,Complément,2 Redunat caps,
30/01/2025,12:15,03 Déjeuner,Nourriture,Steak haché,
30/01/2025,12:15,03 Déjeuner,Nourriture,Pâtes ,
30/01/2025,12:15,03 Déjeuner,Nourriture,Picard : Poêlée de poivron et Aubergines,
30/01/2025,12:15,03 Déjeuner,Nourriture,1 Yaourt,
30/01/2025,12:15,03 Déjeuner,Nourriture,1 Café avec lait de soja,
30/01/2025,15:30,04 Collation PM,Nourriture,Pomme,
30/01/2025,15:30,04 Collation PM,Nourriture,1 Café avec lait de soja,
30/01/2025,18:00,05 Dîner,Complément,Fluicir,
30/01/2025,18:00,05 Dîner,Complément,Redunat Caps,
30/01/2025,18:00,05 Dîner,Nourriture,Cuisse de poulet,
30/01/2025,18:00,05 Dîner,Nourriture,"Picard: Poellée : Carottes, Brocolis et Choux fleur",
30/01/2025,18:00,05 Dîner,Nourriture,1 Yaourt avec redunat Fibra,
30/01/2025,18:00,05 Dîner,Nourriture,1 Café avec lait de soja,
30/01/2025,08:30,06 Activité Physique,None,30 min de rameur à eau (800 strokes),326
30/01/2025,23:00,07 Hydratation,Nourriture,1 Litre eau pétillante,
30/01/2025,23:00,07 Hydratation,Nourriture,1 Litre eau Plate,
31/01/2025,08:55,01 Petit Déjeuner,Complément,Fluicir,
31/01/2025,06:30,01 Petit Déjeuner,Nourriture,5 Biscottes complètes avec beure,
31/01/2025,06:30,01 Petit Déjeuner,Nourriture,1 Café avec lait de soja,
31/01/2025,08:30,02 Collation AM,Nourriture,1 Café avec lait de soja,
31/01/2025,13:15,03 Déjeuner,Complément,2 Redunat caps,
31/01/2025,13:15,03 Déjeuner,Nourriture,Steak toffu,
31/01/2025,13:15,03 Déjeuner,Nourriture,"Picard: Poellée : Carottes, Brocolis et Choux fleur",
31/01/2025,13:15,03 Déjeuner,Nourriture,400 gr petits pois (conserve),
31/01/2025,13:15,03 Déjeuner,Nourriture,1 Yaourt,
31/01/2025,13:15,03 Déjeuner,Nourriture,1 Pamplemousse ,
31/01/2025,12:25,06 Activité Physique,None,44 min FitAI Poitrine Ticeps + Cardio ,381
31/01/2025,23:00,07 Hydratation,Nourriture,1 Litre eau pétillante,
31/01/2025,23:00,07 Hydratation,Nourriture,1 Litre eau Plate,
01/02/2025,03:00,02 Collation AM,Nourriture,1 Café avec lait de soja,
01/02/2025,03:00,02 Collation AM,Nourriture,Fluicir,
12/02/2025,06:30,01 Petit Déjeuner,Nourriture,1 petite tranche avec beurre de pains gris Cranberry,
12/02/2025,06:30,01 Petit Déjeuner,Nourriture,4 biscottes complètes avec beurre,
12/02/2025,06:30,01 Petit Déjeuner,Nourriture,2 krispoll avec beurre,
12/02/2025,06:30,01 Petit Déjeuner,Nourriture,1 Café avec lait de soja,
12/02/2025,09:45,02 Collation AM,Nourriture,Pamplemousse,
12/02/2025,09:45,02 Collation AM,Nourriture,1 Café avec lait de soja,
12/02/2025,12:30,03 Déjeuner,Complément,Levanat forte,
12/02/2025,12:30,03 Déjeuner,Complément,2 Redunat Caps,
12/02/2025,12:30,03 Déjeuner,Nourriture,Steak haché,
12/02/2025,12:30,03 Déjeuner,Nourriture,Purée de carottes,
12/02/2025,12:30,03 Déjeuner,Nourriture,Purée de courgettes,
12/02/2025,12:30,03 Déjeuner,Nourriture,Pâtes ,
12/02/2025,13:15,03 Déjeuner,Nourriture,1 Yaourt,
12/02/2025,13:15,03 Déjeuner,Nourriture,1 Café avec lait soja,
12/02/2025,15:15,04 Collation PM,Nourriture,Pomme,
12/02/2025,16:30,04 Collation PM,Nourriture,1 Café avec lait soja,
12/02/2025,19:30,05 Dîner,Complément,Levanat forte,
12/02/2025,19:30,05 Dîner,Complément,2 Redunat Caps,
12/02/2025,19:30,05 Dîner,Nourriture,blanc de poulet,
12/02/2025,19:30,05 Dîner,Nourriture,Carottes,
12/02/2025,19:30,05 Dîner,Nourriture,Courgettes,
12/02/2025,19:30,05 Dîner,Nourriture,Bettraves,
12/02/2025,19:30,05 Dîner,Nourriture,1 Yaourt avec redunat Fibra,
12/02/2025,19:30,05 Dîner,Nourriture,Tisane,
12/02/2025,07:28,06 Activité Physique,None,33 min FitAI Poitrine Bras + Cardio ,279
12/02/2025,23:00,07 Hydratation,Nourriture,1 Litre eau pétillante,
12/02/2025,23:00,07 Hydratation,Nourriture,0.5 Litre eau Plate,
13/02/2025,06:30,01 Petit Déjeuner,Nourriture,4 krispoll avec beurre,
13/02/2025,06:30,01 Petit Déjeuner,Nourriture,1 Café avec lait de soja,
13/02/2025,09:30,02 Collation AM,Nourriture,1 Café avec lait de soja,
13/02/2025,13:00,03 Déjeuner,Complément,Levanat forte,
13/02/2025,13:00,03 Déjeuner,Complément,2 Redunat Caps,
13/02/2025,13:00,03 Déjeuner,Nourriture,Steak haché,
13/02/2025,13:00,03 Déjeuner,Nourriture,Carottes,
13/02/2025,13:00,03 Déjeuner,Nourriture,Courgettes,
13/02/2025,13:00,03 Déjeuner,Nourriture,Mais,
13/02/2025,19:45,05 Dîner,Complément,Levanat forte,
13/02/2025,19:45,05 Dîner,Complément,2 Redunat Caps,
13/02/2025,19:45,05 Dîner,Nourriture,Steak de soja,
13/02/2025,19:45,05 Dîner,Nourriture,Choux fleur,
13/02/2025,19:45,05 Dîner,Nourriture,1 Yaourt avec redunat Fibra,
13/02/2025,19:45,05 Dîner,Nourriture,Tisane,
13/02/2025,08:12,06 Activité Physique,None,30 min rameur à eau : 815 strokes,326
13/02/2025,23:00,07 Hydratation,Nourriture,1 Litre eau pétillante,
13/02/2025,23:00,07 Hydratation,Nourriture,0.5 Litre eau Plate,
14/02/2025,06:30,01 Petit Déjeuner,Nourriture,100 gr muesli avec lait de spja,
14/02/2025,06:30,01 Petit Déjeuner,Nourriture,1 Café avec lait de soja,
14/02/2025,10:00,02 Collation AM,Nourriture,Pomme,
14/02/2025,10:00,02 Collation AM,Nourriture,1 Café avec lait de soja,
14/02/2025,12:00,03 Déjeuner,Complément,Levanat forte,
14/02/2025,12:00,03 Déjeuner,Complément,2 Redunat Caps,
14/02/2025,12:00,03 Déjeuner,Nourriture,Steak haché,
14/02/2025,12:00,03 Déjeuner,Nourriture,Betraves,
14/02/2025,12:00,03 Déjeuner,Nourriture,Tomates cerises,
14/02/2025,12:00,03 Déjeuner,Nourriture,Mais,
14/02/2025,16:40,04 Collation PM,Nourriture,Pamplemousse,
14/02/2025,16:40,04 Collation PM,Nourriture,1 Café avec lait de soja,
14/02/2025,19:15,05 Dîner,Complément,Levanat forte,
14/02/2025,19:15,05 Dîner,Complément,2 Redunat Caps,
14/02/2025,19:15,05 Dîner,Nourriture,Saumon,
14/02/2025,19:15,05 Dîner,Nourriture,Picard : 3 aiguilletes de poulet,
14/02/2025,19:15,05 Dîner,Nourriture,Poireaux avec huile d'olive,
14/02/2025,19:15,05 Dîner,Nourriture,5 cuillière SKYR à la vanille,
14/02/2025,19:15,05 Dîner,Nourriture,Tisane,
14/02/2025,07:50,06 Activité Physique,None,"1,5 km marche 15 min",120
14/02/2025,15:23,06 Activité Physique,None,52 min FitAI Cardio-Core Catalyst ,453
14/02/2025,23:00,07 Hydratation,Nourriture,1 Litre eau pétillante,
14/02/2025,23:00,07 Hydratation,Nourriture,0.5 Litre eau Plate,
15/02/2025,07:15,01 Petit Déjeuner,Nourriture,4 krispolls avec beurre,
15/02/2025,07:15,01 Petit Déjeuner,Nourriture,2 Cafés avec lait de soja,
15/02/2025,10:25,02 Collation AM,Nourriture,Pomme,
15/02/2025,10:25,02 Collation AM,Nourriture,1 Café avec lait de soja,
15/02/2025,11:00,02 Collation AM,Nourriture,Colombus : Latté classic,
15/02/2025,12:45,03 Déjeuner,Complément,Levanat forte,
15/02/2025,12:45,03 Déjeuner,Complément,2 Redunat Caps,
15/02/2025,12:45,03 Déjeuner,Nourriture,"Poké CotéSushi Classique : Riz, Saumon, Avocat, Ananas, Cream Cheese, Chou Rouge  Matiné,Oignons Frits,Nosettes Torréfiés,Souce Teriyaki",
15/02/2025,12:45,03 Déjeuner,Nourriture,1 Café avec lait de soja,
15/02/2025,12:45,03 Déjeuner,Nourriture,1 Yaourt,
15/02/2025,16:00,04 Collation PM,Nourriture,1 Café noir,
15/02/2025,16:00,04 Collation PM,Nourriture,2 Clémentines,
15/02/2025,18:00,04 Collation PM,Nourriture,1 Café avec lait de soja,
15/02/2025,18:00,04 Collation PM,Nourriture,Pomme,
15/02/2025,19:30,05 Dîner,Complément,Levanat forte,
15/02/2025,19:30,05 Dîner,Complément,2 Redunat Caps,
15/02/2025,19:30,05 Dîner,Nourriture,Blanc de poulet,
15/02/2025,19:30,05 Dîner,Nourriture,Choux fleur,
15/02/2025,19:30,05 Dîner,Nourriture,Aubergines,
15/02/2025,19:30,05 Dîner,Nourriture,1 Yaourt,
15/02/2025,19:30,05 Dîner,Nourriture,Tisane,
15/02/2025,08:23,06 Activité Physique,None,2km440 marche 30:42,272
15/02/2025,09:18,06 Activité Physique,None,4km610 course 36:00 ,637
15/02/2025,10:00,06 Activité Physique,None,1km100 marche 12:21,97
15/02/2025,23:00,07 Hydratation,Nourriture,1 Litre eau pétillante,
15/02/2025,23:00,07 Hydratation,Nourriture,0.5 Litre eau Plate,
16/02/2025,07:30,01 Petit Déjeuner,Nourriture,4 tranches avec beurre de pains gris Cranberry,
16/02/2025,07:30,01 Petit Déjeuner,Nourriture,2 Cafés avec lait de soja,
16/02/2025,10:00,02 Collation AM,Nourriture,2 Kiwis,
16/02/2025,10:00,02 Collation AM,Nourriture,1 Café avec lait de soja,
16/02/2025,12:00,03 Déjeuner,Complément,Levanat forte,
16/02/2025,12:00,03 Déjeuner,Complément,2 Redunat Caps,
16/02/2025,12:00,03 Déjeuner,Nourriture,Truite,
16/02/2025,12:00,03 Déjeuner,Nourriture,"Julienne de légumes : Chou fleur, brocollis, carottes ...",
16/02/2025,12:00,03 Déjeuner,Nourriture,200 gr lentilles,
16/02/2025,12:00,03 Déjeuner,Nourriture,1 Skirr 250 gr,
16/02/2025,16:00,04 Collation PM,Nourriture,2 Kiwis,
16/02/2025,16:00,04 Collation PM,Nourriture,1 Café avec lait de soja,
16/02/2025,19:30,05 Dîner,Complément,Levanat forte,
16/02/2025,19:30,05 Dîner,Complément,2 Redunat Caps,
16/02/2025,19:30,05 Dîner,Nourriture,Grosses crevettes roses,
16/02/2025,19:30,05 Dîner,Nourriture,3 oeufs,
16/02/2025,19:30,05 Dîner,Nourriture,Ficelles de courgette,
16/02/2025,19:30,05 Dîner,Nourriture,1 Skirr 250 gr avec redunat Fibra,
16/02/2025,19:30,05 Dîner,Nourriture,1 Yaourt,
16/02/2025,09:00,06 Activité Physique,None,4km82 marche en 58min ,395
16/02/2025,13:25,06 Activité Physique,None,1km300 marche en 17min                                                                        ,145
16/02/2025,15:30,06 Activité Physique,None,1km300 marche en 15min               ,135
16/02/2025,23:00,07 Hydratation,Nourriture,1 Litre eau pétillante,
16/02/2025,23:00,07 Hydratation,Nourriture,0.5 Litre eau Plate,
17/02/2025,06:30,01 Petit Déjeuner,Nourriture,3 tranches avec beurre de pains gris Cranberry,
17/02/2025,06:30,01 Petit Déjeuner,Nourriture,1 Café avec lait de soja,
17/02/2025,06:30,01 Petit Déjeuner,Nourriture,50 ml Jus boost mangue/gingembre,
17/02/2025,10:45,02 Collation AM,Nourriture,Pamplemousse,
17/02/2025,10:45,02 Collation AM,Nourriture,1 Café avec lait de soja,
17/02/2025,12:15,02 Collation AM,Nourriture,Smoothie : 100 ml Ananas + Noix de coco,
17/02/2025,12:30,03 Déjeuner,Complément,Levanat forte,
17/02/2025,12:30,03 Déjeuner,Complément,2 Redunat Caps,
17/02/2025,12:30,03 Déjeuner,Nourriture,Grand Frais : Pad Thai tout fait,
17/02/2025,12:30,03 Déjeuner,Nourriture,1 Yaourt,
17/02/2025,12:30,03 Déjeuner,Nourriture,1 Café avec lait de soja,
17/02/2025,16:00,04 Collation PM,Nourriture,Pomme,
17/02/2025,16:00,04 Collation PM,Nourriture,1 Café avec lait de soja,
17/02/2025,19:30,05 Dîner,Complément,Levanat forte,
17/02/2025,19:30,05 Dîner,Complément,2 Redunat Caps,
17/02/2025,19:30,05 Dîner,Nourriture,3 Pignon de poulets,
17/02/2025,19:30,05 Dîner,Nourriture,Choux fleur,
17/02/2025,19:30,05 Dîner,Nourriture,1 Yaourt avec redunat Fibra,
17/02/2025,19:30,05 Dîner,Nourriture,Tisane,
17/02/2025,15:15,06 Activité Physique,None,30 min rameur à eau : 846 strokes,356
17/02/2025,23:00,07 Hydratation,Nourriture,1 Litre eau pétillante,
17/02/2025,23:00,07 Hydratation,Nourriture,0.5 Litre eau Plate,
18/02/2025,06:30,01 Petit Déjeuner,Nourriture,3 Biscote de pain complet avec beurre,
18/02/2025,06:30,01 Petit Déjeuner,Nourriture,2 Krispoll avec beurre,
18/02/2025,06:30,01 Petit Déjeuner,Nourriture,1 Café avec lait de soja,
18/02/2025,10:00,02 Collation AM,Complément,Drenanat Plus,
18/02/2025,10:00,02 Collation AM,Nourriture,Pamplemousse,
18/02/2025,10:00,02 Collation AM,Nourriture,2 Cafés avec lait de soja,
18/02/2025,12:30,03 Déjeuner,Complément,2 Garcinia cambogia,
18/02/2025,12:30,03 Déjeuner,Complément,Levanat forte,
18/02/2025,12:30,03 Déjeuner,Nourriture,Blanc de poulet,
18/02/2025,12:30,03 Déjeuner,Nourriture,"Poelée Picard : Courgettes, Aubergines, Poivrons, Oignon",
18/02/2025,12:30,03 Déjeuner,Nourriture,Pâtes ,
18/02/2025,12:30,03 Déjeuner,Nourriture,1 Café avec lait de soja,
18/02/2025,12:30,03 Déjeuner,Nourriture,1 Yaourt,
18/02/2025,16:00,04 Collation PM,Nourriture,Pomme,
18/02/2025,16:00,04 Collation PM,Nourriture,1 Café avec lait de soja,
18/02/2025,19:30,04 Collation PM,Nourriture,"Apéro Handball Chartres : Crudités, Carottes choux fleur",
18/02/2025,20:30,05 Dîner,Complément,Drenanat Plus,
18/02/2025,20:30,05 Dîner,Complément,2 Garcinia cambogia,
18/02/2025,20:30,05 Dîner,Complément,Levanat forte,
18/02/2025,20:30,05 Dîner,Nourriture,Steak de soja,
18/02/2025,20:30,05 Dîner,Nourriture,"Poelée Picard : Courgettes, Aubergines, Poivrons, Oignon",
18/02/2025,20:30,05 Dîner,Nourriture,"Poelée Picard : Asperges verte, Sèpes, Morilles",
18/02/2025,20:30,05 Dîner,Nourriture,Tisane,
18/02/2025,20:30,05 Dîner,Nourriture,Pomme,
18/02/2025,14:04,06 Activité Physique,None,30 min circuit : 10 cycles code à sauter 2 min et course 1 min,311
18/02/2025,23:00,07 Hydratation,Nourriture,1 Litre eau pétillante,
19/02/2025,07:30,01 Petit Déjeuner,Complément,Drenanat Plus,
19/02/2025,07:30,01 Petit Déjeuner,Nourriture,3 oeufs ,
19/02/2025,07:30,01 Petit Déjeuner,Nourriture,3 Biscote de pain complet avec beurre,
19/02/2025,07:30,01 Petit Déjeuner,Nourriture,2 Krispoll avec beurre,
19/02/2025,07:30,01 Petit Déjeuner,Nourriture,2 Cafés avec lait de soja,
19/02/2025,10:00,02 Collation AM,Nourriture,Pamplemousse,
19/02/2025,10:00,02 Collation AM,Nourriture,1 Cafés avec lait de soja,
19/02/2025,13:00,03 Déjeuner,Complément,2 Garcinia cambogia,
19/02/2025,13:00,03 Déjeuner,Complément,Levanat forte,
19/02/2025,13:00,03 Déjeuner,Nourriture,Truite,
19/02/2025,13:00,03 Déjeuner,Nourriture,Julienne de légume,
19/02/2025,13:00,03 Déjeuner,Nourriture,Choux fleur,
19/02/2025,13:00,03 Déjeuner,Nourriture,Brocolli,
19/02/2025,13:00,03 Déjeuner,Nourriture,Carottes,
19/02/2025,13:00,03 Déjeuner,Nourriture,1 Cafés avec lait de soja,
19/02/2025,13:00,03 Déjeuner,Nourriture,1 Yahourt,
19/02/2025,16:00,04 Collation PM,Nourriture,Pomme,
19/02/2025,16:00,04 Collation PM,Nourriture,1 Cafés avec lait de soja,
19/02/2025,19:00,05 Dîner,Complément,Drenanat Plus,
19/02/2025,19:00,05 Dîner,Complément,2 Garcinia cambogia,
19/02/2025,19:00,05 Dîner,Complément,Levanat forte,
19/02/2025,19:00,05 Dîner,Nourriture,Blanc de poulet,
19/02/2025,19:00,05 Dîner,Nourriture,Ficelles de courgette,
19/02/2025,19:00,05 Dîner,Nourriture,Carottes,
19/02/2025,19:00,05 Dîner,Nourriture,1 Yaourt avec redunat Fibra,
19/02/2025,19:00,05 Dîner,Nourriture,Tisane,
19/02/2025,08:25,06 Activité Physique,None,51 min FitAI Cardio Cardio Complet 1,465
19/02/2025,13:46,06 Activité Physique,None,51 min Marche 4km140,346
19/02/2025,23:00,07 Hydratation,Nourriture,0.5 Litre eau Plate,
19/02/2025,23:00,07 Hydratation,Nourriture,1 Litre eau pétillante,
19/02/2025,23:00,07 Hydratation,Nourriture,1 Litre eau Plate,
20/02/2025,06:30,01 Petit Déjeuner,Complément,Drenanat Plus,
20/02/2025,06:30,01 Petit Déjeuner,Nourriture,5 Petities tranches de pain épeautre avec beure,
20/02/2025,06:30,01 Petit Déjeuner,Nourriture,1 Cafés avec lait de soja,
20/02/2025,09:00,02 Collation AM,Nourriture,1 Cafés avec lait de soja,
20/02/2025,11:00,02 Collation AM,Nourriture,Pomme,
20/02/2025,11:00,02 Collation AM,Nourriture,1 Cafés avec lait de soja,
20/02/2025,13:15,03 Déjeuner,Complément,2 Garcinia cambogia,
20/02/2025,13:15,03 Déjeuner,Complément,Levanat forte,
20/02/2025,13:15,03 Déjeuner,Nourriture,2 Escalopes de dinde,
20/02/2025,13:15,03 Déjeuner,Nourriture,Dahl de lentilles corail,
20/02/2025,13:15,03 Déjeuner,Nourriture,Pâtes ,
20/02/2025,13:15,03 Déjeuner,Nourriture,1 Cafés avec lait de soja,
20/02/2025,13:15,03 Déjeuner,Nourriture,1 Yahourt,
20/02/2025,16:00,04 Collation PM,Nourriture,Pomme,
20/02/2025,16:00,04 Collation PM,Nourriture,1 Cafés avec lait de soja,
20/02/2025,19:30,05 Dîner,Complément,Drenanat Plus,
20/02/2025,19:30,05 Dîner,Complément,2 Garcinia cambogia,
20/02/2025,19:30,05 Dîner,Complément,Levanat forte,
20/02/2025,19:30,05 Dîner,Nourriture,Saumon,
20/02/2025,19:30,05 Dîner,Nourriture,Choux fleur,
20/02/2025,19:30,05 Dîner,Nourriture,1 Yaourt avec redunat Fibra,
20/02/2025,19:30,05 Dîner,Nourriture,Tisane,
20/02/2025,12:18,06 Activité Physique,None,6 Km course 47.38,663
20/02/2025,23:00,07 Hydratation,Nourriture,1.5 Litre eau pétillante,
20/02/2025,23:00,07 Hydratation,Nourriture,0.5 Litre eau Plate,
21/02/2025,06:30,01 Petit Déjeuner,Nourriture,2 Petities tranches de pain épeautre avec beure,
21/02/2025,06:30,01 Petit Déjeuner,Nourriture, 4 Biscottes de pain complet avec beure,
21/02/2025,06:30,01 Petit Déjeuner,Nourriture,1 Café avec lait de soja,
21/02/2025,11:30,02 Collation AM,Nourriture,Pomme,
21/02/2025,11:30,02 Collation AM,Nourriture,1 Café avec lait de soja,
21/02/2025,12:30,03 Déjeuner,Complément,Drenanat Plus,
21/02/2025,12:30,03 Déjeuner,Complément,2 Garcinia cambogia,
21/02/2025,12:30,03 Déjeuner,Complément,Levanat forte,
21/02/2025,12:30,03 Déjeuner,Nourriture,2 oeufs durs,
21/02/2025,12:30,03 Déjeuner,Nourriture,Coeurs de palmier,
21/02/2025,12:30,03 Déjeuner,Nourriture,Haricots,
21/02/2025,12:30,03 Déjeuner,Nourriture,1 Café avec lait de soja,
21/02/2025,18:00,05 Dîner,Complément,Drenanat Plus,
21/02/2025,18:00,05 Dîner,Complément,2 Garcinia cambogia,
21/02/2025,18:00,05 Dîner,Complément,Levanat forte,
21/02/2025,18:00,05 Dîner,Nourriture,Picard : 4 aiguilletes de poulet,
21/02/2025,18:00,05 Dîner,Nourriture,"Poellée Picard : Courgettes, poivron, Olive",
21/02/2025,18:00,05 Dîner,Nourriture,1 Yaourt avec redunat Fibra,
21/02/2025,18:00,05 Dîner,Nourriture,Tisane,
21/02/2025,13:15,06 Activité Physique,None,30 min rameur à eau ,326
21/02/2025,23:00,07 Hydratation,Nourriture,1.5 Litre eau pétillante,
21/02/2025,23:00,07 Hydratation,Nourriture,0.5 Litre eau Plate,
22/02/2025,07:15,01 Petit Déjeuner,Complément,Drenanat Plus,
22/02/2025,07:15,01 Petit Déjeuner,Nourriture, 2 Biscottes de pain complet avec beure,
22/02/2025,07:15,01 Petit Déjeuner,Nourriture,2 Krispolls avec beurre,
22/02/2025,07:15,01 Petit Déjeuner,Nourriture,1 Café avec lait de soja,
22/02/2025,10:00,02 Collation AM,Nourriture,Pomme,
22/02/2025,10:00,02 Collation AM,Nourriture,1 Café avec lait de soja,
22/02/2025,14:00,03 Déjeuner,Complément,2 Garcinia cambogia,
22/02/2025,14:00,03 Déjeuner,Complément,Levanat forte,
22/02/2025,14:00,03 Déjeuner,Nourriture,"Poké CotéSushi Classique : Riz, Saumon, Avocat, Ananas, Cream Cheese, Chou Rouge  Matiné,Oignons Frits,Nosettes Torréfiés,Souce Teriyaki",
22/02/2025,14:00,03 Déjeuner,Nourriture,1 Yaourt,
22/02/2025,14:00,03 Déjeuner,Nourriture,1 Café avec lait de soja,
22/02/2025,16:00,04 Collation PM,Nourriture,2 Café au lait,
22/02/2025,16:00,04 Collation PM,Nourriture,2 Kiwis,
22/02/2025,19:00,05 Dîner,Complément,2 Garcinia cambogia,
22/02/2025,19:00,05 Dîner,Complément,Levanat forte,
22/02/2025,19:00,05 Dîner,Nourriture,Steak haché,
22/02/2025,19:00,05 Dîner,Nourriture,Choux romanesco,
22/02/2025,19:00,05 Dîner,Nourriture,"Poellée compotée aubergines, tomates, blés (conservve)",
22/02/2025,19:00,05 Dîner,Nourriture,1 yaourt,
22/02/2025,19:00,05 Dîner,Nourriture,Tisane,
22/02/2025,09:39,06 Activité Physique,None,Fit AI Cordio Core-Abdos 33 min,254
22/02/2025,23:00,07 Hydratation,Nourriture,1.5 Litre eau pétillante,
22/02/2025,23:00,07 Hydratation,Nourriture,0.5 Litre eau Plate,
23/02/2025,07:30,01 Petit Déjeuner,Complément,Drenanat Plus,
23/02/2025,07:30,01 Petit Déjeuner,Nourriture,3 tranches avec beurre de pains gris Cranberry,
23/02/2025,07:30,01 Petit Déjeuner,Nourriture,1 Café avec lait de soja,
23/02/2025,10:30,02 Collation AM,Nourriture,Pomme,
23/02/2025,10:30,02 Collation AM,Nourriture,1 Café avec lait de soja,
23/02/2025,13:00,03 Déjeuner,Nourriture,RIZ Thai Crevettes portion Grand Frais porttion 2 personnes,
23/02/2025,13:00,03 Déjeuner,Nourriture,2 cafés au lait,
23/02/2025,13:00,03 Déjeuner,Nourriture,1 Yaourt,
23/02/2025,15:30,04 Collation PM,Nourriture,Coupe de salade de fruit,
23/02/2025,15:30,04 Collation PM,Nourriture,2 mandarines,
23/02/2025,15:30,04 Collation PM,Nourriture,petite grappe de raisin,
23/02/2025,15:30,04 Collation PM,Nourriture,2 cafés au lait,
23/02/2025,19:00,05 Dîner,Complément,Drenanat Plus,
23/02/2025,19:00,05 Dîner,Complément,2 Garcinia cambogia,
23/02/2025,19:00,05 Dîner,Nourriture,Steak haché,
23/02/2025,19:00,05 Dîner,Nourriture,"Jardinière de Légume : Brocolis, choux fleur, carottes",
23/02/2025,19:00,05 Dîner,Nourriture,Poellée de champignon,
23/02/2025,19:00,05 Dîner,Nourriture,Skirr avec redunat fibra,
23/02/2025,19:00,05 Dîner,Nourriture,Tisane,
23/02/2025,09:21,06 Activité Physique,None,6km00 course 43:36 7min17/km,832
23/02/2025,14:00,06 Activité Physique,None,50 min de marche 4km260 ,370
23/02/2025,23:00,07 Hydratation,Nourriture,1.5 Litre eau pétillante,
23/02/2025,23:00,07 Hydratation,Nourriture,0.5 Litre eau Plate,
24/02/2025,06:30,01 Petit Déjeuner,Complément,Drenanat Plus,
24/02/2025,06:30,01 Petit Déjeuner,Nourriture,3 tranches avec beurre de pains gris Cranberry,
24/02/2025,06:30,01 Petit Déjeuner,Nourriture,1 Café avec lait de soja,
24/02/2025,10:30,02 Collation AM,Nourriture,Pamplemousse,
24/02/2025,10:30,02 Collation AM,Nourriture,1 Café avec lait de soja,
24/02/2025,12:10,03 Déjeuner,Complément,2 Garcinia cambogia,
24/02/2025,12:10,03 Déjeuner,Nourriture,Steak Haché,
24/02/2025,12:10,03 Déjeuner,Nourriture,"Salade maison : Coeurs de palmier, Haricots verts, radis",
24/02/2025,12:10,03 Déjeuner,Nourriture,"Poellée compotée aubergines, tomates, blés (conservve)",
24/02/2025,12:10,03 Déjeuner,Nourriture,1 yaourt avec redunat fibra,
24/02/2025,12:10,03 Déjeuner,Nourriture,1 Café avec lait de soja,
24/02/2025,16:00,04 Collation PM,Nourriture,Pomme,
24/02/2025,16:00,04 Collation PM,Nourriture,1 Café avec lait de soja,
24/02/2025,19:30,05 Dîner,Complément,Drenanat Plus,
24/02/2025,19:30,05 Dîner,Complément,2 Garcinia cambogia,
24/02/2025,19:30,05 Dîner,Nourriture,Poisson aigle fin,
24/02/2025,19:30,05 Dîner,Nourriture,Ficelle de courgette,
24/02/2025,19:30,05 Dîner,Nourriture,Julienne de légume,
24/02/2025,19:30,05 Dîner,Nourriture,1 Skirr avec redunat fibra,
24/02/2025,19:30,05 Dîner,Nourriture,Tisane,
24/02/2025,23:00,07 Hydratation,Nourriture,1.5 Litre eau pétillante,
25/02/2025,06:30,01 Petit Déjeuner,Complément,Drenanat Plus,
25/02/2025,06:30,01 Petit Déjeuner,Nourriture,5 biscotte complète avec beurre,
25/02/2025,06:30,01 Petit Déjeuner,Nourriture,1 Café avec lait de soja,
25/02/2025,10:00,02 Collation AM,Nourriture,Pamplemousse,
25/02/2025,10:00,02 Collation AM,Nourriture,1 Café avec lait de soja,
25/02/2025,12:10,03 Déjeuner,Complément,2 Drenanat,
25/02/2025,12:10,03 Déjeuner,Complément,Redunat Plus,
25/02/2025,12:10,03 Déjeuner,Nourriture,Blanc de poulet,
25/02/2025,12:10,03 Déjeuner,Nourriture,Poiraux,
25/02/2025,12:10,03 Déjeuner,Nourriture,Pates coquillettes,
25/02/2025,12:10,03 Déjeuner,Nourriture,1 Yaourt,
25/02/2025,12:10,03 Déjeuner,Nourriture,1 Café avec lait de soja,
25/02/2025,16:00,04 Collation PM,Nourriture,Pomme,
25/02/2025,16:00,04 Collation PM,Nourriture,1 Café avec lait de soja,
25/02/2025,19:15,05 Dîner,Complément,2 Drenanat,
25/02/2025,19:15,05 Dîner,Complément,Redunat Plus,
25/02/2025,19:15,05 Dîner,Nourriture,3 Pignons de poulet,
25/02/2025,19:15,05 Dîner,Nourriture,Choux-fleur,
25/02/2025,19:15,05 Dîner,Nourriture,1 Café avec lait de soja,
25/02/2025,19:15,05 Dîner,Nourriture,1 Yaourt,
25/02/2025,07:20,06 Activité Physique,None,52 min musculation/cardio FitAI cardio complet 1,465
25/02/2025,23:00,07 Hydratation,Nourriture,1.5 Litre eau pétillante,
25/02/2025,23:00,07 Hydratation,Nourriture,0.5 Litre eau Plate,
26/02/2025,06:30,01 Petit Déjeuner,Complément,Redunat Plus,
26/02/2025,06:30,01 Petit Déjeuner,Nourriture,3 tranches avec beurre de pains gris Cranberry,
26/02/2025,06:30,01 Petit Déjeuner,Nourriture,1 Café avec lait de soja,
26/02/2025,12:20,03 Déjeuner,Complément,2 Drenanat,
26/02/2025,12:20,03 Déjeuner,Nourriture,Blanc de poulet,
26/02/2025,12:20,03 Déjeuner,Nourriture,Poiraux,
26/02/2025,12:20,03 Déjeuner,Nourriture,Pates coquillettes,
26/02/2025,12:20,03 Déjeuner,Nourriture,1 Yaourt,
26/02/2025,12:20,03 Déjeuner,Nourriture,1 Café avec lait de soja,
26/02/2025,16:00,04 Collation PM,Nourriture,Pomme,
26/02/2025,16:00,04 Collation PM,Nourriture,1 Café avec lait de soja,
26/02/2025,19:30,05 Dîner,Complément,2 Drenanat,
26/02/2025,19:30,05 Dîner,Complément,Redunat Plus,
26/02/2025,19:30,05 Dîner,Nourriture,Steak de soja,
26/02/2025,19:30,05 Dîner,Nourriture,Ficelle de courgette,
26/02/2025,19:30,05 Dîner,Nourriture,Julienne de légume,
26/02/2025,19:30,05 Dîner,Nourriture,1 yaourt,
26/02/2025,19:30,05 Dîner,Nourriture,Tisane,
26/02/2025,09:20,06 Activité Physique,Nourriture,30 min Rameur à eau - 864 Stokes,506
26/02/2025,23:00,07 Hydratation,Nourriture,1.5 Litre eau pétillante,
26/02/2025,23:00,07 Hydratation,Nourriture,0.5 Litre eau Plate,
27/02/2025,06:30,01 Petit Déjeuner,Complément,Drenanat Plus,
27/02/2025,06:30,01 Petit Déjeuner,Nourriture,5 biscotte complète avec beurre,
27/02/2025,06:30,01 Petit Déjeuner,Nourriture,1 Café avec lait de soja,
27/02/2025,10:00,02 Collation AM,Nourriture,Pomme,
27/02/2025,10:00,02 Collation AM,Nourriture,1 Café avec lait de soja,
27/02/2025,13:30,03 Déjeuner,Complément,2 Drenanat,
27/02/2025,13:30,03 Déjeuner,Nourriture,Foie de veaux,
27/02/2025,13:30,03 Déjeuner,Nourriture,Carottes,
27/02/2025,13:30,03 Déjeuner,Nourriture,Fenouilles,
27/02/2025,13:30,03 Déjeuner,Nourriture,Coquilettes,
27/02/2025,13:30,03 Déjeuner,Nourriture,1 Yaourt,
27/02/2025,13:30,03 Déjeuner,Nourriture,1 Café avec lait de soja,
27/02/2025,16:30,04 Collation PM,Nourriture,Pamplemousse,
27/02/2025,16:30,04 Collation PM,Nourriture,1 Café avec lait de soja,
27/02/2025,19:30,05 Dîner,Complément,2 Drenanat,
27/02/2025,19:30,05 Dîner,Complément,Redunat Plus,
27/02/2025,19:30,05 Dîner,Nourriture,3 Pignons de poulets,
27/02/2025,19:30,05 Dîner,Nourriture,Courgettes,
27/02/2025,19:30,05 Dîner,Nourriture,1 Yaourt,
27/02/2025,19:30,05 Dîner,Nourriture,Tisane,
27/02/2025,12:15,06 Activité Physique,None,45 min de Course 6km 7min34/km,806
27/02/2025,8.48,06 Activité Physique,None,34 Min FitAI Cardio Haut du Corps,276
27/02/2025,23:00,07 Hydratation,Nourriture,1.5 Litre eau pétillante,
27/02/2025,23:00,07 Hydratation,Nourriture,0.5 Litre eau Plate,
28/02/2025,06:30,01 Petit Déjeuner,Nourriture,1/2 tranche avec beurre de pains gris Cranberry,
28/02/2025,06:30,01 Petit Déjeuner,Nourriture,1 Krispoll avec beurre,
28/02/2025,06:30,01 Petit Déjeuner,Nourriture,4 Biscottes complètes avec beurre,
28/02/2025,06:30,01 Petit Déjeuner,Nourriture,1 Café avec lait de soja,
28/02/2025,10:00,02 Collation AM,Complément,Drenanat Plus,
28/02/2025,10:00,02 Collation AM,Nourriture,1 Café avec lait de soja,
28/02/2025,10:00,02 Collation AM,Nourriture,Pomme,
28/02/2025,12:10,03 Déjeuner,Nourriture,Steak Haché,
28/02/2025,12:10,03 Déjeuner,Nourriture,Reste de coquilettes de la veille ,
28/02/2025,12:10,03 Déjeuner,Nourriture,200 gr Lentilles,
28/02/2025,12:10,03 Déjeuner,Nourriture,Concombres,
28/02/2025,12:10,03 Déjeuner,Nourriture,Bettraves,
28/02/2025,12:10,03 Déjeuner,Nourriture,1 Yaourt,
28/02/2025,12:10,03 Déjeuner,Nourriture,1 Café avec lait de soja,
28/02/2025,12:10,03 Déjeuner,Complément,2 Drenanat,
28/02/2025,16:00,04 Collation PM,Nourriture,Pamplemousse,
28/02/2025,16:00,04 Collation PM,Nourriture,1 Café avec lait de soja,
28/02/2025,16:31,06 Activité Physique,None,30 min rameur à eau 885 Strokes,324
28/02/2025,19:30,05 Dîner,Nourriture,Steak de soja,
28/02/2025,19:30,05 Dîner,Nourriture,Ananas chaud,
28/02/2025,19:30,05 Dîner,Nourriture,Corattes,
28/02/2025,19:30,05 Dîner,Nourriture,Bettraves,
28/02/2025,19:30,05 Dîner,Nourriture,1 Café avec lait de soja,
28/02/2025,19:30,05 Dîner,Nourriture,Tisane,
28/02/2025,19:30,05 Dîner,Nourriture,1 Yaourt,
28/02/2025,19:30,05 Dîner,Complément,2 Drenanat,
28/02/2025,19:30,05 Dîner,Complément,Redunat Plus,
28/02/2025,23:00,07 Hydratation,Nourriture,1.5 Litre eau pétillante,
28/02/2025,23:00,07 Hydratation,Nourriture,0.5 Litre eau Plate,
01/03/2025,06:30,01 Petit Déjeuner,Nourriture,3 oeufs aux beurre,
01/03/2025,06:30,01 Petit Déjeuner,Nourriture,4 tranches avec beurre de pains gris Cranberry,
01/03/2025,06:30,01 Petit Déjeuner,Nourriture,1 Café avec lait de soja,
01/03/2025,06:30,01 Petit Déjeuner,Complément,Redunat Plus,
01/03/2025,08:52,06 Activité Physique,None,23 min FitAi Exercice3 Cardio Haut du corp,174
01/03/2025,09:18,06 Activité Physique,None,26 min FitAi Exercice4 Cardio Haut du corp,194
01/03/2025,10:00,02 Collation AM,Nourriture,Pamplemousse,
01/03/2025,10:00,02 Collation AM,Nourriture,1 Café avec lait de soja,
01/03/2025,13:30,03 Déjeuner,Nourriture,"Poké CotéSushi Classique : Riz, Saumon, Avocat, Ananas, Cream Cheese, Chou Rouge  Matiné,Oignons Frits,Nosettes Torréfiés,Souce Teriyaki",
01/03/2025,13:30,03 Déjeuner,Nourriture,1 Yaourt,
01/03/2025,13:30,03 Déjeuner,Nourriture,1 Café avec lait de soja,
01/03/2025,13:30,03 Déjeuner,Complément,2 Drenanat,
01/03/2025,16:00,04 Collation PM,Nourriture,3 Café au lait,
01/03/2025,16:00,04 Collation PM,Nourriture,"2 couoes de fruits grands frais : Raisin, Ananas, cassis ...",
01/03/2025,16:00,04 Collation PM,Nourriture,1/2 tartelette de crème de citron,
01/03/2025,19:00,05 Dîner,Nourriture,Steak haché,
01/03/2025,19:00,05 Dîner,Nourriture,Julienne de légume,
01/03/2025,19:00,05 Dîner,Nourriture,1 Skrirr,
01/03/2025,19:00,05 Dîner,Nourriture,Tisane,
01/03/2025,19:00,05 Dîner,Complément,2 Drenanat,
01/03/2025,19:00,05 Dîner,Complément,Redunat Plus,
01/03/2025,23:00,07 Hydratation,Nourriture,0.5 Litre eau pétillante,
01/03/2025,23:00,07 Hydratation,Nourriture,0.5 Litre eau Plate,
02/03/2025,07:30,01 Petit Déjeuner,Nourriture,3 oeufs aux beurre,
02/03/2025,07:30,01 Petit Déjeuner,Nourriture,4 tranches avec beurre de pains gris Cranberry,
02/03/2025,07:30,01 Petit Déjeuner,Nourriture,1 Café avec lait de soja,
02/03/2025,07:30,01 Petit Déjeuner,Complément,Redunat Plus,
02/03/2025,09:30,06 Activité Physique,Nourriture,43:15 min 6 km de course 7min10/km,873
02/03/2025,10:30,02 Collation AM,Nourriture,Pamplemousse,
02/03/2025,10:30,02 Collation AM,Nourriture,1 Café avec lait de soja,
02/03/2025,12:45,03 Déjeuner,Nourriture,Posson Lieu,
02/03/2025,12:45,03 Déjeuner,Nourriture,"Printanière de légume: Choux fleur, Brocolis, Carottes",
02/03/2025,12:45,03 Déjeuner,Nourriture,1 Skirr,
02/03/2025,12:45,03 Déjeuner,Nourriture,1 Café avec lait de soja,
02/03/2025,12:45,03 Déjeuner,Complément,2 Drenanat,
02/03/2025,15:30,04 Collation PM,Nourriture,3 Café au lait,
02/03/2025,15:30,04 Collation PM,Nourriture,"2 couoes de fruits grands frais : Raisin, Ananas, cassis ...",
02/03/2025,19:10,05 Dîner,Nourriture,Steak de soja,
02/03/2025,19:10,05 Dîner,Nourriture,Julienne de légume,
02/03/2025,19:10,05 Dîner,Nourriture,Skirr avec redunat fibra,
02/03/2025,19:10,05 Dîner,Nourriture,Tisane,
02/03/2025,19:10,05 Dîner,Complément,2 Drenanat,
02/03/2025,19:10,05 Dîner,Complément,Redunat Plus,
02/03/2025,23:00,07 Hydratation,Nourriture,1.5 Litre eau Plate,
02/03/2025,16:35,06 Activité Physique,None,1Km700 marche à 5.1km/h,142
03/03/2025,06:30,01 Petit Déjeuner,Nourriture,5 Biscottes complètes avec beurres,
03/03/2025,06:30,01 Petit Déjeuner,Nourriture,1 Café avec lait de soja,
03/03/2025,06:30,01 Petit Déjeuner,Nourriture,Redunat Plus,
03/03/2025,10:30,02 Collation AM,Nourriture,Pamplemousse,
03/03/2025,10:30,02 Collation AM,Nourriture,1 Café avec lait de soja,
03/03/2025,12:30,03 Déjeuner,Nourriture,Escaloppe de dinde,
03/03/2025,12:30,03 Déjeuner,Nourriture,Haricots,
03/03/2025,12:30,03 Déjeuner,Nourriture,Fayots blancs,
03/03/2025,12:30,03 Déjeuner,Nourriture,1 Yaourt,
03/03/2025,12:30,03 Déjeuner,Nourriture,1 Café avec lait de soja,
03/03/2025,12:30,03 Déjeuner,Complément,2 Drenanat,
03/03/2025,16:00,04 Collation PM,Nourriture,Pomme,
03/03/2025,16:00,04 Collation PM,Nourriture,1 Café avec lait de soja,
03/03/2025,19:30,05 Dîner,Nourriture,Saumon,
03/03/2025,19:30,05 Dîner,Nourriture,Choux-fleur,
03/03/2025,19:30,05 Dîner,Nourriture,1 Yaourt ,
03/03/2025,19:30,05 Dîner,Nourriture,Tisane,
03/03/2025,19:30,05 Dîner,Complément,2 Drenanat,
03/03/2025,19:30,05 Dîner,Complément,Redunat Plus,
03/03/2025,23:00,07 Hydratation,Nourriture,1.5 Litre eau Plate,
04/03/2025,06:30,01 Petit Déjeuner,Nourriture,5 Biscottes complètes avec beurres,
04/03/2025,06:30,01 Petit Déjeuner,Nourriture,1 Café avec lait de soja,
04/03/2025,07:50,06 Activité Physique,None,30 min de rameur à eau 902 strokes,362
04/03/2025,10:00,02 Collation AM,Nourriture,Pamplemousse,
04/03/2025,10:00,02 Collation AM,Nourriture,1 Café avec lait de soja,
04/03/2025,10:00,02 Collation AM,Complément,2 c.a.s Slimbel system dep,
04/03/2025,10:00,02 Collation AM,Complément,2 c.a.s Cinarki,
04/03/2025,12:10,03 Déjeuner,Nourriture,Escaloppe de dinde,
04/03/2025,12:10,03 Déjeuner,Nourriture,2 oeufs,
04/03/2025,12:10,03 Déjeuner,Nourriture,Haricots,
04/03/2025,12:10,03 Déjeuner,Nourriture,Coquilettes,
04/03/2025,12:10,03 Déjeuner,Nourriture,1 Yaourt,
04/03/2025,12:10,03 Déjeuner,Nourriture,2 Cafés avec lait de soja,